{
  "analyzed_text":"I'm also seeing that your configuration lacks the top-level  config key. Are you sure you have it.\n",
  "emotion":{
    "document":{
      "emotion":{
        "anger":0.04799,
        "disgust":0.01824,
        "fear":0.101928,
        "joy":0.225416,
        "sadness":0.42235
      }
    }
  },
  "info":{
    "issue":113,
    "owner":"acmailer",
    "repository":"acmailer",
    "user":"acelaya"
  },
  "language":"en",
  "usage":{
    "features":1,
    "text_characters":99,
    "text_units":1
  }
}