{
  "analyzed_text":"The mypy failure is at  which I haven't touched. Should probably be fixed separately.",
  "emotion":{
    "document":{
      "emotion":{
        "anger":0.159215,
        "disgust":0.017056,
        "fear":0.086321,
        "joy":0.065784,
        "sadness":0.579861
      }
    }
  },
  "info":{
    "issue":86,
    "owner":"HENNGE",
    "repository":"aiodynamo",
    "user":"Tinche"
  },
  "language":"en",
  "usage":{
    "features":1,
    "text_characters":85,
    "text_units":1
  }
}