{
  "analyzed_text":"for ansible workshops today (github.com/ansible/workshops) we use the  module to boot tons of identical instances to AWS ec2 (link use the  today link a .link think this feature is the last remaining ec2_instance feature we need to completely drop the amazon.aws.ec2 module",
  "emotion":{
    "document":{
      "emotion":{
        "anger":0.022212,
        "disgust":0.012474,
        "fear":0.052769,
        "joy":0.248244,
        "sadness":0.146817
      }
    }
  },
  "info":{
    "issue":539,
    "owner":"ansible-collections",
    "repository":"amazon.aws",
    "user":"IPvSean"
  },
  "language":"en",
  "usage":{
    "features":1,
    "text_characters":273,
    "text_units":1
  }
}