{
  "analyzed_text":"Found the bug, can reproduce it with AppImageUpdate. The problem is the \"content-aware\" filenames. I'll fix this asap.",
  "emotion":{
    "document":{
      "emotion":{
        "anger":0.065952,
        "disgust":0.024182,
        "fear":0.211568,
        "joy":0.182592,
        "sadness":0.250676
      }
    }
  },
  "info":{
    "issue":46,
    "owner":"TheAssassin",
    "repository":"AppImageLauncher",
    "user":"TheAssassin"
  },
  "language":"en",
  "usage":{
    "features":1,
    "text_characters":118,
    "text_units":1
  }
}