{
  "analyzed_text":"Binaries have been uploaded, please try and report whether it works.",
  "emotion":{
    "document":{
      "emotion":{
        "anger":0.027984,
        "disgust":0.021501,
        "fear":0.027919,
        "joy":0.453083,
        "sadness":0.515634
      }
    }
  },
  "info":{
    "issue":454,
    "owner":"TheAssassin",
    "repository":"AppImageLauncher",
    "user":"TheAssassin"
  },
  "language":"en",
  "usage":{
    "features":1,
    "text_characters":68,
    "text_units":1
  }
}