{
  "analyzed_text":"Please beware that  isn't really tested _at all_. Perhaps try  when trying to use with .",
  "emotion":{
    "document":{
      "emotion":{
        "anger":0.073551,
        "disgust":0.025585,
        "fear":0.171682,
        "joy":0.194947,
        "sadness":0.278772
      }
    }
  },
  "info":{
    "issue":139,
    "owner":"TheAssassin",
    "repository":"AppImageLauncher",
    "user":"TheAssassin"
  },
  "language":"en",
  "usage":{
    "features":1,
    "text_characters":88,
    "text_units":1
  }
}