{
  "analyzed_text":"The package is a source tarball that can be used to build packages for the application...I am not sure what _exactly_ you refer to with an \"Arch tarball\". I can't find any real docs on it (other than something on the AUR), and I have never seen any project release such tarballs on GitHub. Could you please elaborate on what needs to be packaged?",
  "emotion":{
    "document":{
      "emotion":{
        "anger":0.068807,
        "disgust":0.017724,
        "fear":0.040401,
        "joy":0.149613,
        "sadness":0.217786
      }
    }
  },
  "info":{
    "issue":24,
    "owner":"TheAssassin",
    "repository":"AppImageLauncher",
    "user":"TheAssassin"
  },
  "language":"en",
  "usage":{
    "features":1,
    "text_characters":346,
    "text_units":1
  }
}