{
  "analyzed_text":"@evotodi I just pushed a commit (link which I think may fix the issue, which appears to have been a dangling reference. The code was in quite a bad state. I since gained a lot more knowledge about Qt and therefore invested a couple hours into reworking some very problematic bits. Mind to test the next daily build and report back whether the problem persists? ETL 1 hour for the binaries to be built.",
  "emotion":{
    "document":{
      "emotion":{
        "anger":0.06404,
        "disgust":0.022086,
        "fear":0.158775,
        "joy":0.234614,
        "sadness":0.422225
      }
    }
  },
  "info":{
    "issue":487,
    "owner":"TheAssassin",
    "repository":"AppImageLauncher",
    "user":"TheAssassin"
  },
  "language":"en",
  "usage":{
    "features":1,
    "text_characters":401,
    "text_units":1
  }
}