{
  "analyzed_text":"@NuLogicSystems if I would make use of PRs more, that would be less likely to happen...Question: do failing builds break AUR packages? If not, we can just keep everything as is. Failing Travis builds won't be uploaded to the release page either.",
  "emotion":{
    "document":{
      "emotion":{
        "anger":0.06571,
        "disgust":0.014358,
        "fear":0.090143,
        "joy":0.352117,
        "sadness":0.274056
      }
    }
  },
  "info":{
    "issue":24,
    "owner":"TheAssassin",
    "repository":"AppImageLauncher",
    "user":"TheAssassin"
  },
  "language":"en",
  "usage":{
    "features":1,
    "text_characters":245,
    "text_units":1
  }
}