{
  "analyzed_text":"CC @ximion this might be interesting for you as well, perhaps you want to share some thoughts?",
  "emotion":{
    "document":{
      "emotion":{
        "anger":0.013095,
        "disgust":0.014457,
        "fear":0.039072,
        "joy":0.463741,
        "sadness":0.174014
      }
    }
  },
  "info":{
    "issue":30,
    "owner":"AppImageCommunity",
    "repository":"appimaged",
    "user":"TheAssassin"
  },
  "language":"en",
  "usage":{
    "features":1,
    "text_characters":94,
    "text_units":1
  }
}