{
  "analyzed_text":"Still waiting for the integration directory to be displayed in the \"Details\" section of the main integration window.",
  "emotion":{
    "document":{
      "emotion":{
        "anger":0.028554,
        "disgust":0.006094,
        "fear":0.025857,
        "joy":0.573217,
        "sadness":0.28899
      }
    }
  },
  "info":{
    "issue":89,
    "owner":"TheAssassin",
    "repository":"AppImageLauncher",
    "user":"TheAssassin"
  },
  "language":"en",
  "usage":{
    "features":1,
    "text_characters":116,
    "text_units":1
  }
}