{
  "analyzed_text":"P.S.: You do not need to manually run ,  does that automatically for you. For scripts, you can use the  option.",
  "emotion":{
    "document":{
      "emotion":{
        "anger":0.120939,
        "disgust":0.008998,
        "fear":0.136609,
        "joy":0.13897,
        "sadness":0.241594
      }
    }
  },
  "info":{
    "issue":317,
    "owner":"TheAssassin",
    "repository":"AppImageLauncher",
    "user":"TheAssassin"
  },
  "language":"en",
  "usage":{
    "features":1,
    "text_characters":111,
    "text_units":1
  }
}