{
  "analyzed_text":"That's good to hear. I'll close the issue then...@evotodi you could (in the future) also just use the continuously built prereleases. Files can be found on the release page link see link",
  "emotion":{
    "document":{
      "emotion":{
        "anger":0.03849,
        "disgust":0.072851,
        "fear":0.082416,
        "joy":0.529869,
        "sadness":0.274508
      }
    }
  },
  "info":{
    "issue":487,
    "owner":"TheAssassin",
    "repository":"AppImageLauncher",
    "user":"TheAssassin"
  },
  "language":"en",
  "usage":{
    "features":1,
    "text_characters":186,
    "text_units":1
  }
}