{
  "analyzed_text":"History is bound to fork itself. LibreOffice, OpenJDK, now this..I am glad the GPL exists..",
  "emotion":{
    "document":{
      "emotion":{
        "anger":0.026233,
        "disgust":0.017123,
        "fear":0.027377,
        "joy":0.495782,
        "sadness":0.369917
      }
    }
  },
  "info":{
    "issue":1213,
    "owner":"audacity",
    "repository":"audacity",
    "user":"ghost"
  },
  "language":"en",
  "usage":{
    "features":1,
    "text_characters":91,
    "text_units":1
  }
}