{
  "analyzed_text":"@Rello I just had a quick look and it seems like the offset calculation (getOffX function) in bar-ui.js is always returning the same no matter if the sidebar is shown or not. ..link In compliance with the specification, this property will return null on Webkit if the element is hidden (the style.display of this element or any ancestor is \"none\") or if the style.position of the element itself is set to \"fixed\"...Maybe that might be the cause for your issue.",
  "emotion":{
    "document":{
      "emotion":{
        "anger":0.049197,
        "disgust":0.034769,
        "fear":0.072999,
        "joy":0.414709,
        "sadness":0.296969
      }
    }
  },
  "info":{
    "issue":111,
    "owner":"Rello",
    "repository":"audioplayer",
    "user":"juliushaertl"
  },
  "language":"en",
  "usage":{
    "features":1,
    "text_characters":460,
    "text_units":1
  }
}