{
  "analyzed_text":"This PR is ready for a review. ..Maybe @viezel can have a look? Or some other person that know their way around Laravel. ",
  "emotion":{
    "document":{
      "emotion":{
        "anger":0.054372,
        "disgust":0.042565,
        "fear":0.150662,
        "joy":0.396385,
        "sadness":0.123044
      }
    }
  },
  "info":{
    "issue":572,
    "owner":"async-aws",
    "repository":"aws",
    "user":"Nyholm"
  },
  "language":"en",
  "usage":{
    "features":1,
    "text_characters":121,
    "text_units":1
  }
}