{
  "analyzed_text":"Thanks. You could leave it commented if you want, it was just something I had to do a little research to add while following along with the video on this page:\n\nlink\n",
  "emotion":{
    "document":{
      "emotion":{
        "anger":0.067562,
        "disgust":0.027297,
        "fear":0.12218,
        "joy":0.454826,
        "sadness":0.160435
      }
    }
  },
  "info":{
    "issue":299,
    "owner":"bitcoinj",
    "repository":"bitcoinj",
    "user":"dessalines"
  },
  "language":"en",
  "usage":{
    "features":1,
    "text_characters":166,
    "text_units":1
  }
}