{
  "analyzed_text":"Ok, been playing with it a little. It's a bit confusing the way it's setup, and nestled away it seems there are some issues with getting that page prompt to appear...Firstly, I think It should offer the ability to input reading progress when you first start reading progress on a book. Currently it seems you have to start reading, enter the dates, click save, then click enter again to add the pages..As for the issues I mention for getting it to appear:..**Issues**..- This seems to only appear to books if you have it only under your \"Currently reading\" shelf? .This is kinda restrictive in my opinion. If I want to have two different lists for \"Currently reading\" (for example slower reading stuff can be put in another shelf if the user wishes), it makes it impossible to only track one of those shelf...- Another issue seems to be that if you have the book on the \"Currently reading\" shelf, as well as another custom shelf, it refuses to show the page progress option. This seems like a big issue..I'm assuming it's set on the back-end in a way that custom shelves are different than the 3 default shelves, as I notice I cannot rename the default shelves as well. So I assume this plays a role in this issue...- It doesn't let you add page progress if you input no dates. This makes it not possible to add page progress for books you may have started quite some time ago, and not know the exact dates. Otherwise you have to set random dates, not ideal. (_Slightly_ related to  #1014)",
  "emotion":{
    "document":{
      "emotion":{
        "anger":0.071884,
        "disgust":0.022922,
        "fear":0.123515,
        "joy":0.247836,
        "sadness":0.293041
      }
    }
  },
  "info":{
    "issue":1013,
    "owner":"bookwyrm-social",
    "repository":"bookwyrm",
    "user":"seniorm0ment"
  },
  "language":"en",
  "usage":{
    "features":1,
    "text_characters":1489,
    "text_units":1
  }
}