{
  "analyzed_text":"Still, why not have all tags in the sidebar? Normal users have around 5-10 tags, and those easily fit in the navigation. Even 20 or more would work nicely with the sorting by number of bookmarks tagged with it.\n\nCombining could even be possible there easily, with an entry in the 3-dot-menu of a tag for it, along with \"Rename\" and \"Delete\".\n\nRemember that we are designing Nextcloud for regular people. Our competition or benchmark is stuff like Pocket, or bookmarking in the browser. \n\nThe main point of having tags is to bring some order to your collection. Combining is very advanced, and definitely not the whole point. :)",
  "emotion":{
    "document":{
      "emotion":{
        "anger":0.056424,
        "disgust":0.026515,
        "fear":0.113833,
        "joy":0.455793,
        "sadness":0.136482
      }
    }
  },
  "info":{
    "issue":424,
    "owner":"nextcloud",
    "repository":"bookmarks",
    "user":"jancborchardt"
  },
  "language":"en",
  "usage":{
    "features":1,
    "text_characters":627,
    "text_units":1
  }
}