{
  "analyzed_text":"@Maruthi2508 \"getting stuck\" sounds like it doesn't crash, so that would be a different issue. If you can reproduce it, please file a new ticket.",
  "emotion":{
    "document":{
      "emotion":{
        "anger":0.065751,
        "disgust":0.024477,
        "fear":0.18254,
        "joy":0.086633,
        "sadness":0.419679
      }
    }
  },
  "info":{
    "issue":1928,
    "owner":"SunstriderEmu",
    "repository":"BugTracker",
    "user":"Siguza"
  },
  "language":"en",
  "usage":{
    "features":1,
    "text_characters":145,
    "text_units":1
  }
}