{
  "analyzed_text":"So one way or another, this is caused by 3rd party software..You can absolutely break your system by disabling certain daemons, starting with SpringBoard.  .And disabling tweaks in iCleaner is only helps so much. Many packages have installation scripts, and whatever those do isn't magically undone when you disable the tweak...All in all, sounds like a trash pirate repo broke your OS. :|",
  "emotion":{
    "document":{
      "emotion":{
        "anger":0.185779,
        "disgust":0.017069,
        "fear":0.100001,
        "joy":0.116141,
        "sadness":0.251133
      }
    }
  },
  "info":{
    "issue":1351,
    "owner":"SunstriderEmu",
    "repository":"BugTracker",
    "user":"Siguza"
  },
  "language":"en",
  "usage":{
    "features":1,
    "text_characters":389,
    "text_units":1
  }
}