{
  "analyzed_text":"@jujjja The last build I shared here parses the iBoot version and changes the address if it's 14.4 or higher. That didn't help, so I guess the issue lies elsewhere. Could you try this build?:..[Pongo.zip](link",
  "emotion":{
    "document":{
      "emotion":{
        "anger":0.216878,
        "disgust":0.033683,
        "fear":0.086877,
        "joy":0.273195,
        "sadness":0.253882
      }
    }
  },
  "info":{
    "issue":2074,
    "owner":"SunstriderEmu",
    "repository":"BugTracker",
    "user":"Siguza"
  },
  "language":"en",
  "usage":{
    "features":1,
    "text_characters":209,
    "text_units":1
  }
}