{
  "analyzed_text":"Well, I downloaded and installed even the ones from the HYI repo.  .Their \"Essentials\" package straight up puts SpringBoard in safe mode, but powerlogHelperd still wouldn't crash.  .We need a PoC configuration.",
  "emotion":{
    "document":{
      "emotion":{
        "anger":0.187273,
        "disgust":0.021163,
        "fear":0.061939,
        "joy":0.168666,
        "sadness":0.402904
      }
    }
  },
  "info":{
    "issue":343,
    "owner":"SunstriderEmu",
    "repository":"BugTracker",
    "user":"Siguza"
  },
  "language":"en",
  "usage":{
    "features":1,
    "text_characters":210,
    "text_units":1
  }
}