{
  "analyzed_text":"@rysiekpl woah nice! A bunch of good stuff! Here’s some feedback:\n\nSharing single event\n- the »Share via link« should be below all the other share sections. Below »Shared via calendar« and »Visibility to people shared with«. Because it’s a completely different category.\n- bold the »Share link« checkbox label and get rid of the extra heading »Share via link«\n\nPublic share link display\n- the app list on the left showing the Calendar should not appear\n- the header should not show the search bar or the dropdown with »Help« or »Log out«\n- (isn’t there some public share page template @DeepDiver1975?) ^\n- when there’s something not set, like category, location, description, repetition: Just don’t show it at all.\n- why is »all day event« a disabled checkbox? If it’s all day, then the exact start and end time can be omitted and that’s it. No extra info needs to be displayed\n- Just write the title. No »title« label needed\n- the date format should be improved from the robotic numbers to human-readable »Friday, 31 January 2014«\n- the share info should not use a grey bar like this. Instead it should be just like in the Files app: »shared by <name>« on the right of the top bar.\n- do not ever use the word »user« in the interface. That’s what drug addicts are called.\n- the download link should be a button to »Download <eventname>« below the event info instead of the raw link (also, clicking the raw link does not have the token in it and thus errors)\n\nSharing whole calendar\n- when you open the share menu of a calendar, share menus which are open from other calendars should close\n- for the public link display, same issue with the header and grey bar as with sharing single events\n\nThat’s my feedback so far.\nAlso, generally one big issue in sharing still persists – that it’s only possible to share an event _after_ you created and closed it once. link\n\nGood progress! Thank you @rysiekpl for contributing! :)\n",
  "emotion":{
    "document":{
      "emotion":{
        "anger":0.046355,
        "disgust":0.047755,
        "fear":0.040861,
        "joy":0.392669,
        "sadness":0.291966
      }
    }
  },
  "info":{
    "issue":308,
    "owner":"nextcloud",
    "repository":"calendar",
    "user":"jancborchardt"
  },
  "language":"en",
  "usage":{
    "features":1,
    "text_characters":1920,
    "text_units":1
  }
}