{
  "analyzed_text":"As said above multiple times:..> one thing we could do is notice if there are a lot of <30min appointments, and adjust the default time accordingly...Let’s take small steps, and that’s probably the first one. ;) Simply remembering what was done last.",
  "emotion":{
    "document":{
      "emotion":{
        "anger":0.207108,
        "disgust":0.010675,
        "fear":0.050064,
        "joy":0.602748,
        "sadness":0.25695
      }
    }
  },
  "info":{
    "issue":577,
    "owner":"nextcloud",
    "repository":"calendar",
    "user":"jancborchardt"
  },
  "language":"en",
  "usage":{
    "features":1,
    "text_characters":250,
    "text_units":1
  }
}