{
  "analyzed_text":"Okay, could one of you give me just one of these panic logs with a value ending in 03168?..@Shinjidai That warning can be ignored. It's from the 32-bit slice, where it has no effect and is not needed. But I guess I should fix that some time.",
  "emotion":{
    "document":{
      "emotion":{
        "anger":0.065292,
        "disgust":0.011522,
        "fear":0.186825,
        "joy":0.27112,
        "sadness":0.347524
      }
    }
  },
  "info":{
    "issue":6,
    "owner":"Siguza",
    "repository":"cl0ver",
    "user":"Siguza"
  },
  "language":"en",
  "usage":{
    "features":1,
    "text_characters":241,
    "text_units":1
  }
}