{
  "analyzed_text":"This will enable the webhook to do the following:..- If a PR is labled with the  label, it will schedule LUCI builds iff.  - the PR is mergable.  - there are not already running builds for that PR.- If a that label is removed, it will cancel the builds..- If a new push is done to the PR, it will cancel existing builds. If the newly pushed PR is mergable AND the label is present, it will schedule new builds...Currently, this will run on our existing LUCI infra. It's mainly just meant for testing out at this point. If it looks like it's working, I'd like to expand it to further add status checks to the PR. If we can get enough capacity on LUCI, it can then be used to do real status checks (and perhaps ditch the label logic if we have sufficient capacity).",
  "emotion":{
    "document":{
      "emotion":{
        "anger":0.046204,
        "disgust":0.018281,
        "fear":0.128149,
        "joy":0.395285,
        "sadness":0.148041
      }
    }
  },
  "info":{
    "issue":341,
    "owner":"flutter",
    "repository":"cocoon",
    "user":"dnfield"
  },
  "language":"en",
  "usage":{
    "features":1,
    "text_characters":763,
    "text_units":1
  }
}