{
  "analyzed_text":"Hi, guys I faced the same issue while I'm using Fedora 26 and then I found the solution for Fedora 25, but it does work for me...Here is the snippet:..REF: [link hope it help you, Thanks",
  "emotion":{
    "document":{
      "emotion":{
        "anger":0.025761,
        "disgust":0.006694,
        "fear":0.030462,
        "joy":0.116948,
        "sadness":0.533457
      }
    }
  },
  "info":{
    "issue":1214,
    "owner":"docker",
    "repository":"compose",
    "user":"vzool"
  },
  "language":"en",
  "usage":{
    "features":1,
    "text_characters":186,
    "text_units":1
  }
}