{
  "analyzed_text":"@gour I mean when you right-click the field in your browser and use »Inspect«, you will see the code. Does the name show up correctly there? Or is it also cut off?\n\n@Henni @irgendwie so what’s the difference between this field and e.g. the Name field in personal settings?\n",
  "emotion":{
    "document":{
      "emotion":{
        "anger":0.087716,
        "disgust":0.037049,
        "fear":0.058934,
        "joy":0.346484,
        "sadness":0.23616
      }
    }
  },
  "info":{
    "issue":191,
    "owner":"nextcloud",
    "repository":"contacts",
    "user":"jancborchardt"
  },
  "language":"en",
  "usage":{
    "features":1,
    "text_characters":273,
    "text_units":1
  }
}