{
  "analyzed_text":"@DeepDiver1975 what do you exactly mean? No, this pull request atm is pure CSS changes. And as said above until the necessary JS additions are done, we should definitely not merge it, especially not for 9.0.\n",
  "emotion":{
    "document":{
      "emotion":{
        "anger":0.048269,
        "disgust":0.031932,
        "fear":0.144033,
        "joy":0.39964,
        "sadness":0.094897
      }
    }
  },
  "info":{
    "issue":46,
    "owner":"nextcloud",
    "repository":"contacts",
    "user":"jancborchardt"
  },
  "language":"en",
  "usage":{
    "features":1,
    "text_characters":208,
    "text_units":1
  }
}