{
  "analyzed_text":"The icons are too close together and look a bit strange on top of each other. I would place them left/right next to each other, with the delete icon on the right.\n",
  "emotion":{
    "document":{
      "emotion":{
        "anger":0.038699,
        "disgust":0.025504,
        "fear":0.098844,
        "joy":0.178794,
        "sadness":0.593315
      }
    }
  },
  "info":{
    "issue":349,
    "owner":"nextcloud",
    "repository":"contacts",
    "user":"jancborchardt"
  },
  "language":"en",
  "usage":{
    "features":1,
    "text_characters":163,
    "text_units":1
  }
}