{
  "analyzed_text":"It hasn't been running on pre-submit, I'm currently working on getting that back.",
  "emotion":{
    "document":{
      "emotion":{
        "anger":0.075422,
        "disgust":0.018396,
        "fear":0.079123,
        "joy":0.025622,
        "sadness":0.792295
      }
    }
  },
  "info":{
    "issue":12,
    "owner":"coronavirus-diary",
    "repository":"coronavirus-diary",
    "user":"christopherfujino"
  },
  "language":"en",
  "usage":{
    "features":1,
    "text_characters":81,
    "text_units":1
  }
}