{
  "analyzed_text":"We are extremely grateful for John Carmack's input to the project, and his presence in many of our discussions. We view his comments in Twitter about the code as encouraging testimony, in which he is rather more positive about the code than some of the commenters on this thread. ..(Own up, who has just googled for who John Carmack is ;-)  )..Regarding peer reviews, again, at risk of sounding repetitive, read the peer reviewed papers - there is a section on the front page readme, and they are very well known prominent papers in epidemiology, covering the scientific algorithms you will want to know about, to understand what this code does and why.",
  "emotion":{
    "document":{
      "emotion":{
        "anger":0.036913,
        "disgust":0.016614,
        "fear":0.069689,
        "joy":0.467303,
        "sadness":0.176188
      }
    }
  },
  "info":{
    "issue":165,
    "owner":"mrc-ide",
    "repository":"covid-sim",
    "user":"weshinsley"
  },
  "language":"en",
  "usage":{
    "features":1,
    "text_characters":653,
    "text_units":1
  }
}