{
  "analyzed_text":"The code by default runs using all the cores the operating system reports, with one thread per core. You could overide with the '/c' command-line if you had a 64-core machine and you wanted to force it to use 32-cores, in which case it would match. I don't think we allow the converse (doubling up and running with more threads than you have cores), because the performance will be very poor. (See EDIT below)..I suppose it would have been more accurate but verbose to say, \"with a windows machine that reports 32 cores to the operating system, unless you have a larger machine and overide the number of cores with /c:32 as a command-line parameter\". We did not imagine many would have a >32-core machine to hand...EDIT: additionally you could set the environment variable OMP_NUM_THREADS to 32, and then run with /c:32, to circumvent the checks around CovidSim.cpp:245 and let OpenMP use that many threads, even on a single core machine. Eventually, and if you have enough memory on such a machine, you would produce identical results. So actually, there are some more creative ways of demonstrating the deterministic behaviour than we initially implied...",
  "emotion":{
    "document":{
      "emotion":{
        "anger":0.323555,
        "disgust":0.017477,
        "fear":0.045566,
        "joy":0.26116,
        "sadness":0.183764
      }
    }
  },
  "info":{
    "issue":179,
    "owner":"mrc-ide",
    "repository":"covid-sim",
    "user":"weshinsley"
  },
  "language":"en",
  "usage":{
    "features":1,
    "text_characters":1157,
    "text_units":1
  }
}