{
  "analyzed_text":"@gvanrossum thanks for the great write up, I believe you hit the nail on the head. I think to get this 100% correct, we need a way to throw the highest priority cancellation into the task on its iteration. The highest priority is the cancel scope that was entered first. It doesn't have to be a timestamp, we could have a global (or thread-local, but that's overthinking it) counter that the cancel scope takes from on ...The cancellation data could also be in a context var instead of on the CancelledError, I suppose? Would that be cleaner?",
  "emotion":{
    "document":{
      "emotion":{
        "anger":0.155384,
        "disgust":0.05137,
        "fear":0.057733,
        "joy":0.245424,
        "sadness":0.309666
      }
    }
  },
  "info":{
    "issue":31394,
    "owner":"python",
    "repository":"cpython",
    "user":"Tinche"
  },
  "language":"en",
  "usage":{
    "features":1,
    "text_characters":542,
    "text_units":1
  }
}