{
  "analyzed_text":"> I guess cl mode takes -working-directory as an unknown warning option and ignores it...Exactly this.",
  "emotion":{
    "document":{
      "emotion":{
        "anger":0.062057,
        "disgust":0.004927,
        "fear":0.18897,
        "joy":0.020884,
        "sadness":0.28717
      }
    }
  },
  "info":{
    "issue":460,
    "owner":"jacobdufault",
    "repository":"cquery",
    "user":"andschwa"
  },
  "language":"en",
  "usage":{
    "features":1,
    "text_characters":102,
    "text_units":1
  }
}