{
  "analyzed_text":"Ok, I have fixed it!\n\n\n\nUsing  code causes the  callback to never fire (in our app, at least... and if I manually call it after a second the  and  properties are ). Using  everything works fine; the callback fires;  and  are correct.\n\nI cannot explain this difference, but I think swapping it makes sense.\n",
  "emotion":{
    "document":{
      "emotion":{
        "anger":0.108827,
        "disgust":0.014234,
        "fear":0.131841,
        "joy":0.307691,
        "sadness":0.368732
      }
    }
  },
  "info":{
    "issue":319,
    "owner":"fengyuanchen",
    "repository":"cropper",
    "user":"DanTup"
  },
  "language":"en",
  "usage":{
    "features":1,
    "text_characters":306,
    "text_units":1
  }
}