{
  "analyzed_text":"The fixed, proposed by @Zireael-N, works fine, and both libcryptopp and  cryptest.exe compile fine under MinGW-w64 (no matter if unalign data access is allowed or not) :smile: .\nHowever, tests still fail when CRYPTOPP_NO_UNALIGNED_DATA_ACCESS is defined.\nI'll propose a PR.\n",
  "emotion":{
    "document":{
      "emotion":{
        "anger":0.031751,
        "disgust":0.044697,
        "fear":0.044031,
        "joy":0.443748,
        "sadness":0.353679
      }
    }
  },
  "info":{
    "issue":28,
    "owner":"weidai11",
    "repository":"cryptopp",
    "user":"IlyaBizyaev"
  },
  "language":"en",
  "usage":{
    "features":1,
    "text_characters":274,
    "text_units":1
  }
}