{
  "analyzed_text":"I wonder if we just want something as simple as providing some way to make the body/main content take up the full screen, so that it would be more searchable. We could even show some kind of snackbar or something suggesting the user click that button if we detect they pressed ctrl+f.",
  "emotion":{
    "document":{
      "emotion":{
        "anger":0.022401,
        "disgust":0.010453,
        "fear":0.026437,
        "joy":0.490542,
        "sadness":0.336204
      }
    }
  },
  "info":{
    "issue":2131,
    "owner":"dart-lang",
    "repository":"dartdoc",
    "user":"dnfield"
  },
  "language":"en",
  "usage":{
    "features":1,
    "text_characters":284,
    "text_units":1
  }
}