{
  "analyzed_text":"As an end user (and non-conda user), xeus-python has always been difficult to build and integrate. The matrix of dependency compatibilities is confusing, and compilation on centos 6 has not been straightforward. If there was a manylinux1 wheel published on pypi, i'd probably have a different opinion (and obviously we can make some of these things more user friendly). ",
  "emotion":{
    "document":{
      "emotion":{
        "anger":0.059224,
        "disgust":0.013439,
        "fear":0.055765,
        "joy":0.276278,
        "sadness":0.389627
      }
    }
  },
  "info":{
    "issue":274,
    "owner":"jupyterlab",
    "repository":"debugger",
    "user":"timkpaine"
  },
  "language":"en",
  "usage":{
    "features":1,
    "text_characters":370,
    "text_units":1
  }
}