{
  "analyzed_text":"I cannot reproduce with 0.5.1 anymore, this was a bug on 0.5.0 (#721) which should have been fixed with #761. Could it be possible that those activity entries were generated before upgrading to 0.5.1? ",
  "emotion":{
    "document":{
      "emotion":{
        "anger":0.044014,
        "disgust":0.017888,
        "fear":0.050091,
        "joy":0.454049,
        "sadness":0.21354
      }
    }
  },
  "info":{
    "issue":769,
    "owner":"nextcloud",
    "repository":"deck",
    "user":"juliushaertl"
  },
  "language":"en",
  "usage":{
    "features":1,
    "text_characters":201,
    "text_units":1
  }
}