{
  "analyzed_text":"> don't print avatars, use usernames insted.> don't print relative dates like \"2 days\" ago - use fixed date like 10.08.2021 for print...:+1: ..> This could be done by having two settings here: image..I don't think we should have settings for such a separate feature in this present way. If printing becomes more sophisticated we could offer some pre-print option to allow configuring the output view then i'd say.",
  "emotion":{
    "document":{
      "emotion":{
        "anger":0.026981,
        "disgust":0.010358,
        "fear":0.046045,
        "joy":0.447483,
        "sadness":0.361879
      }
    }
  },
  "info":{
    "issue":3250,
    "owner":"nextcloud",
    "repository":"deck",
    "user":"juliushaertl"
  },
  "language":"en",
  "usage":{
    "features":1,
    "text_characters":413,
    "text_units":1
  }
}