{
  "analyzed_text":"According to the log output you are not using postgres but mysql as a database backend, right? In that case this is already fixed for the next release...On the date format, that still needs to be solved in the frontend JavaScript code. We should pick the users language settings from Nextcloud and change to an appropriate date/time format.",
  "emotion":{
    "document":{
      "emotion":{
        "anger":0.053435,
        "disgust":0.014066,
        "fear":0.046997,
        "joy":0.210685,
        "sadness":0.425883
      }
    }
  },
  "info":{
    "issue":329,
    "owner":"nextcloud",
    "repository":"deck",
    "user":"juliushaertl"
  },
  "language":"en",
  "usage":{
    "features":1,
    "text_characters":340,
    "text_units":1
  }
}