{
  "analyzed_text":"Yes, a proper cronjob is required for the cleanup (and would generally be a good idea to have it on the Nextcloud setup).",
  "emotion":{
    "document":{
      "emotion":{
        "anger":0.06352,
        "disgust":0.010265,
        "fear":0.284861,
        "joy":0.642704,
        "sadness":0.02137
      }
    }
  },
  "info":{
    "issue":3719,
    "owner":"nextcloud",
    "repository":"deck",
    "user":"juliushaertl"
  },
  "language":"en",
  "usage":{
    "features":1,
    "text_characters":121,
    "text_units":1
  }
}