{
  "analyzed_text":"For some reasons tapping outside of the scrollcontainer once seems to stop the scroll gesture, not sure how to fix that yet. ..As a workaround I could always start scrolling again with double-tabbing the empty white background of the board itself. ",
  "emotion":{
    "document":{
      "emotion":{
        "anger":0.092749,
        "disgust":0.023922,
        "fear":0.119401,
        "joy":0.066485,
        "sadness":0.306992
      }
    }
  },
  "info":{
    "issue":1960,
    "owner":"nextcloud",
    "repository":"deck",
    "user":"juliushaertl"
  },
  "language":"en",
  "usage":{
    "features":1,
    "text_characters":248,
    "text_units":1
  }
}