{
  "analyzed_text":"Rather than separating this again (we had this in the past which ended up in always needing to hunt which tab the relevant info is in) we should properly do the list entries.\n\nThat mainly means grouping for example. Conflicts should be grouped in 1 entry and then taken care of in a dialog. Similar to ignored files for example.",
  "emotion":{
    "document":{
      "emotion":{
        "anger":0.076001,
        "disgust":0.046827,
        "fear":0.04618,
        "joy":0.15161,
        "sadness":0.477843
      }
    }
  },
  "info":{
    "issue":2438,
    "owner":"nextcloud",
    "repository":"desktop",
    "user":"jancborchardt"
  },
  "language":"en",
  "usage":{
    "features":1,
    "text_characters":328,
    "text_units":1
  }
}