{
  "analyzed_text":"Thanks for listing some specific issues you’d like to see prioritized. cc @tobiasKaminsky on that, also cc @mgallien @AlvaroBrey @marinofaggiana specifically for desktop, Android and iOS...Just a note @shibacomputer that the folks working on any web part (like Social) are different people than would work on any of the clients, so these things are not mutually exclusive.",
  "emotion":{
    "document":{
      "emotion":{
        "anger":0.156341,
        "disgust":0.010712,
        "fear":0.052574,
        "joy":0.147509,
        "sadness":0.335087
      }
    }
  },
  "info":{
    "issue":4536,
    "owner":"nextcloud",
    "repository":"desktop",
    "user":"jancborchardt"
  },
  "language":"en",
  "usage":{
    "features":1,
    "text_characters":372,
    "text_units":1
  }
}