{
  "analyzed_text":"@mgallien what do we need to take a look at? :) I agree with @nicolasfella, this and any notification should ideally be clickable to help you do what is required, in this case lead you to the settings window.",
  "emotion":{
    "document":{
      "emotion":{
        "anger":0.041051,
        "disgust":0.038162,
        "fear":0.137412,
        "joy":0.2137,
        "sadness":0.36388
      }
    }
  },
  "info":{
    "issue":4606,
    "owner":"nextcloud",
    "repository":"desktop",
    "user":"jancborchardt"
  },
  "language":"en",
  "usage":{
    "features":1,
    "text_characters":208,
    "text_units":1
  }
}