{
  "analyzed_text":"@misch7 this is something to keep in mind for the account dialog update, we could just add this explanatory text below the server address field as mentioned above:..> This is the link to your Nextcloud web interface when you open it in the browser. It looks like link",
  "emotion":{
    "document":{
      "emotion":{
        "anger":0.040307,
        "disgust":0.014057,
        "fear":0.084752,
        "joy":0.214363,
        "sadness":0.41461
      }
    }
  },
  "info":{
    "issue":1160,
    "owner":"nextcloud",
    "repository":"desktop",
    "user":"jancborchardt"
  },
  "language":"en",
  "usage":{
    "features":1,
    "text_characters":267,
    "text_units":1
  }
}