{
  "analyzed_text":"@flaviove just hit F12, go to the console tab and reload the page.\n",
  "emotion":{
    "document":{
      "emotion":{
        "anger":0.057687,
        "disgust":0.043664,
        "fear":0.054268,
        "joy":0.053178,
        "sadness":0.5424
      }
    }
  },
  "info":{
    "issue":40,
    "owner":"juliushaertl",
    "repository":"direct_menu",
    "user":"juliushaertl"
  },
  "language":"en",
  "usage":{
    "features":1,
    "text_characters":67,
    "text_units":1
  }
}