{
  "analyzed_text":"While we're generally in favor of introducing a mechanism to declaratively define a shadow root, we're **STRONGLY** against introducing a new parser macro. That would be a show stopper for us.",
  "emotion":{
    "document":{
      "emotion":{
        "anger":0.053503,
        "disgust":0.086168,
        "fear":0.076856,
        "joy":0.347169,
        "sadness":0.117404
      }
    }
  },
  "info":{
    "issue":510,
    "owner":"whatwg",
    "repository":"dom",
    "user":"rniwa"
  },
  "language":"en",
  "usage":{
    "features":1,
    "text_characters":192,
    "text_units":1
  }
}