{
  "analyzed_text":"> However, since then Chrome has shipped with reportedly few issues so I was under the impression that this was proving to be Web-compatible and the extra member was not required.\n\nThe very fact YouTube had to workaround this and Angular had to have a fix is a good indication that this change is not Web compatible.  Just the issues listed in link are enough indication to us that we can't make this change in the foreseeable future.\n",
  "emotion":{
    "document":{
      "emotion":{
        "anger":0.029318,
        "disgust":0.014296,
        "fear":0.064173,
        "joy":0.127255,
        "sadness":0.625403
      }
    }
  },
  "info":{
    "issue":23,
    "owner":"whatwg",
    "repository":"dom",
    "user":"rniwa"
  },
  "language":"en",
  "usage":{
    "features":1,
    "text_characters":435,
    "text_units":1
  }
}