{
  "analyzed_text":"> Having made my argument against having an opt-in mechanism, I'm unclear on what @rniwa now thinks is the best way forward for this feature...The best way forward is to come up with a solution that satisfies all the constraints. It's possible that the problem is over constrained and we need to pick the least problematic / evil solution among them but we're not there yet...> As for , when Declarative Shadow DOM was under discussion in 2017, @rniwa was just one among many voices, including Chrome devs, saying that adopting a new element like  was a non-starter. The explainer for Declarative Shadow DOM has a whole section on this (\"[Syntax:  vs. ](link and it quotes @rniwa's [comment from 2018](link as evidence that implementers won't support adding , due to the potential for security bugs...That comment specifically refers to the old proposal of introducing a new HTML parser macro which interprets  as a start of shadow root, then stream its content into the shadow root, and not creating an element for  itself. That has a number of drawbacks and implementation challenge as I pointed out in that comment. Implementing the proposed semantics of  using a element of new name doesn't pose nearly the same issues as far as I've thought about it thus far...> You say you haven't given up hope on this feature, but if  is the only way forward, and  is a non-starter, then I see no way forward at all...You're making a whole bunch of assumptions there. I don't necessarily think  is the only way forward even though that might be a promising approach and there are many ways to define what  would do, not all such definitions are problematic. We just need to find a solution that satisfies all the constraints we've identified thus far.",
  "emotion":{
    "document":{
      "emotion":{
        "anger":0.051811,
        "disgust":0.01417,
        "fear":0.061103,
        "joy":0.257044,
        "sadness":0.311862
      }
    }
  },
  "info":{
    "issue":831,
    "owner":"whatwg",
    "repository":"dom",
    "user":"rniwa"
  },
  "language":"en",
  "usage":{
    "features":1,
    "text_characters":1743,
    "text_units":1
  }
}