{
  "analyzed_text":"> > Recall that our position has been that people should be always using closed shadow roots, not open shadow roots..> .> This quite surprises me. All popular documentation on shadow roots currently says that closed shadow roots are to be avoided...We have been pretty consistent about our position for the past 6-8 years (e.g. see [Maciej's www-style reply in 2014](link for example, which references [his reply in 2012](link IIRC even some of Apple's publicly facing statements exclusively documented open mode, though I can't find it now. (It would have been in 2016…? WWDC 2016 didn't have a \"What's new in Safari\" talk that year, apparently.…).> .> Now that I go looking, your blog post from 2015 is the only documentation I've ever seen recommending closed shadow roots...I used closed mode by default and open mode for debugging purposes only in [my blog post in 2015](link if that's what you're referring to.",
  "emotion":{
    "document":{
      "emotion":{
        "anger":0.017855,
        "disgust":0.071717,
        "fear":0.118975,
        "joy":0.235886,
        "sadness":0.174363
      }
    }
  },
  "info":{
    "issue":831,
    "owner":"whatwg",
    "repository":"dom",
    "user":"rniwa"
  },
  "language":"en",
  "usage":{
    "features":1,
    "text_characters":916,
    "text_units":1
  }
}