{
  "analyzed_text":"I couldn't find any information in the WebComponents spec about whether  and  lifecycle hooks support promises or not. But I'd like to do things asynchronously before a component is removed from the DOM. Let's assume I have a custom element that represents a page within my application. I'd like to be able to fade the page out before it disconnects.....As of right now, when the element is removed from the DOM, it does not wait for the promise I'm returning, so the fade out never happens...Here is a working example:.link",
  "emotion":{
    "document":{
      "emotion":{
        "anger":0.034159,
        "disgust":0.044014,
        "fear":0.055459,
        "joy":0.251809,
        "sadness":0.279835
      }
    }
  },
  "info":{
    "issue":705,
    "owner":"whatwg",
    "repository":"dom",
    "user":"markcellus"
  },
  "language":"en",
  "usage":{
    "features":1,
    "text_characters":524,
    "text_units":1
  }
}