{
  "analyzed_text":"@mateuspv download the binary blob from here: link type in terminal:...I'm using Antergos (Arch Linux) but this is how I update my drivers since I'm using dual GPUs..If it doesn't work while you are using X / your display manager (dm), do this:...If you don't know what your current display manager is, run this: ..",
  "emotion":{
    "document":{
      "emotion":{
        "anger":0.026119,
        "disgust":0.01327,
        "fear":0.042161,
        "joy":0.127782,
        "sadness":0.133573
      }
    }
  },
  "info":{
    "issue":204,
    "owner":"ValveSoftware",
    "repository":"Dota-2-Vulkan",
    "user":"glubsy"
  },
  "language":"en",
  "usage":{
    "features":1,
    "text_characters":315,
    "text_units":1
  }
}