{
  "analyzed_text":"> THEtomaso : link :.> .> Of course..> But I'm still baffled as to why  works as a whitelisting too...Coz when using  uBO expects lower level domain in front of it, must be:  or .If  then must be  or .If  then must be  or .but you can just skip a leading  at all, fo ex.  or  or  or ..> THetomaso : link :.> Anyway, these are all of the potential problem rules (which includes /nb).>.> .>.> What do you think...> Should  be added to all of them?.> Personally, I think the latter two looks most troublesome...I think that before adding anything to any of these, you should provide at least one real case of a broken website for each of these filters, to prove they (the filters) need to be fixed/changed, there is too much potential speculation whether any websites are broken by any of these filters...Also adding  as a solution instead of  doesn't seem to be so good idea, because such filter will allow exads on  pornsites, for ex on  .",
  "emotion":{
    "document":{
      "emotion":{
        "anger":0.060081,
        "disgust":0.011152,
        "fear":0.090717,
        "joy":0.098271,
        "sadness":0.154658
      }
    }
  },
  "info":{
    "issue":5220,
    "owner":"easylist",
    "repository":"easylist",
    "user":"kulfoon"
  },
  "language":"en",
  "usage":{
    "features":1,
    "text_characters":938,
    "text_units":1
  }
}