{
  "analyzed_text":"Yes, I was the one who suggested have those lists of use cases and goals.\n\nBut the fact contenteditable=true is broken doesn't mean that UAs need to have exactly one selection behavior and give up on platform friendless.  Gecko, for example, allows users to change the way selection behaves in settings.  OS X has a system-wide feature to enable split caret in bidirectional text.  All these things need to be respected, and I don't see exposing each and every one of those configurations to editors as an option because developers are bound to get some combinations of them wrong.\n\nWe really need to understand exactly what's broken with selection and address those issues instead.\n",
  "emotion":{
    "document":{
      "emotion":{
        "anger":0.040595,
        "disgust":0.052204,
        "fear":0.061678,
        "joy":0.121373,
        "sadness":0.332886
      }
    }
  },
  "info":{
    "issue":58,
    "owner":"w3c",
    "repository":"editing",
    "user":"rniwa"
  },
  "language":"en",
  "usage":{
    "features":1,
    "text_characters":683,
    "text_units":1
  }
}