{
  "analyzed_text":"I mean... as far as the spec is concerned, we'd check if the default action of the event we fired in 2 has been canceled or not.  If it has not, then proceed with accepting composition text.  If it has, clear the composition.\n",
  "emotion":{
    "document":{
      "emotion":{
        "anger":0.038541,
        "disgust":0.036036,
        "fear":0.103203,
        "joy":0.358073,
        "sadness":0.225634
      }
    }
  },
  "info":{
    "issue":59,
    "owner":"w3c",
    "repository":"editing",
    "user":"rniwa"
  },
  "language":"en",
  "usage":{
    "features":1,
    "text_characters":226,
    "text_units":1
  }
}