{
  "analyzed_text":"I think its been implemented... the replies, and comment chains expanding on click are working now. ",
  "emotion":{
    "document":{
      "emotion":{
        "anger":0.242019,
        "disgust":0.016435,
        "fear":0.2638,
        "joy":0.625947,
        "sadness":0.069293
      }
    }
  },
  "info":{
    "issue":2349,
    "owner":"vector-im",
    "repository":"element-web",
    "user":"dessalines"
  },
  "language":"en",
  "usage":{
    "features":1,
    "text_characters":100,
    "text_units":1
  }
}