{
  "analyzed_text":"Builds on previous PR adding BuildConfig - guards logging statements outside of debug mode for anything less than warn.  ..Should not be considered until after #8821 ..Addresses link",
  "emotion":{
    "document":{
      "emotion":{
        "anger":0.029844,
        "disgust":0.025993,
        "fear":0.094462,
        "joy":0.277523,
        "sadness":0.283199
      }
    }
  },
  "info":{
    "issue":8824,
    "owner":"flutter",
    "repository":"engine",
    "user":"dnfield"
  },
  "language":"en",
  "usage":{
    "features":1,
    "text_characters":182,
    "text_units":1
  }
}