{
  "analyzed_text":"This change seems good to me, but I think @chinmaygarde should have another pass at it to make sure his concerns are fully addressed.",
  "emotion":{
    "document":{
      "emotion":{
        "anger":0.040824,
        "disgust":0.035022,
        "fear":0.169641,
        "joy":0.112515,
        "sadness":0.271603
      }
    }
  },
  "info":{
    "issue":29096,
    "owner":"flutter",
    "repository":"engine",
    "user":"dnfield"
  },
  "language":"en",
  "usage":{
    "features":1,
    "text_characters":133,
    "text_units":1
  }
}