{
  "analyzed_text":"All pending checks have actually completed successfully on the bots. Not sure why status wasn’t reported back. Merging.",
  "emotion":{
    "document":{
      "emotion":{
        "anger":0.066816,
        "disgust":0.109537,
        "fear":0.050546,
        "joy":0.269436,
        "sadness":0.346238
      }
    }
  },
  "info":{
    "issue":18042,
    "owner":"flutter",
    "repository":"engine",
    "user":"goderbauer"
  },
  "language":"en",
  "usage":{
    "features":1,
    "text_characters":119,
    "text_units":1
  }
}