{
  "analyzed_text":"And how about other two failures, is that just fallout from the former?..**Update**: I tried locally and it really didn't help, just introduced  where the tests tried to assert :.",
  "emotion":{
    "document":{
      "emotion":{
        "anger":0.032802,
        "disgust":0.031703,
        "fear":0.07633,
        "joy":0.041439,
        "sadness":0.724195
      }
    }
  },
  "info":{
    "issue":2031,
    "owner":"falconry",
    "repository":"falcon",
    "user":"vytas7"
  },
  "language":"en",
  "usage":{
    "features":1,
    "text_characters":179,
    "text_units":1
  }
}