{
  "analyzed_text":"Please bring this feature as it takes a lot of effort curating all those collections and not having a way to restore them if I reinstall the browser or on a new phone is really frustrating!",
  "emotion":{
    "document":{
      "emotion":{
        "anger":0.15331,
        "disgust":0.008984,
        "fear":0.007914,
        "joy":0.072126,
        "sadness":0.236486
      }
    }
  },
  "info":{
    "issue":4424,
    "owner":"mozilla-mobile",
    "repository":"fenix",
    "user":"ghost"
  },
  "language":"en",
  "usage":{
    "features":1,
    "text_characters":189,
    "text_units":1
  }
}