{
  "analyzed_text":"@Instagit awesome! Are you based in Germany btw? If you’re near Stuttgart, Munich or Berlin we could hack together some time. :)\n",
  "emotion":{
    "document":{
      "emotion":{
        "anger":0.022156,
        "disgust":0.010319,
        "fear":0.039062,
        "joy":0.795117,
        "sadness":0.067829
      }
    }
  },
  "info":{
    "issue":12,
    "owner":"nextcloud",
    "repository":"files_videoplayer",
    "user":"jancborchardt"
  },
  "language":"en",
  "usage":{
    "features":1,
    "text_characters":129,
    "text_units":1
  }
}