{
  "analyzed_text":"@Instagit yeah, but please use the new format, and also assign a max version. The max version should be the current dev version, which is 9.0.\n",
  "emotion":{
    "document":{
      "emotion":{
        "anger":0.094919,
        "disgust":0.005662,
        "fear":0.046467,
        "joy":0.417315,
        "sadness":0.326035
      }
    }
  },
  "info":{
    "issue":21,
    "owner":"nextcloud",
    "repository":"files_videoplayer",
    "user":"jancborchardt"
  },
  "language":"en",
  "usage":{
    "features":1,
    "text_characters":143,
    "text_units":1
  }
}