{
  "analyzed_text":"> On the first page we should list some of our values. ..Good idea...> I would suggest to kill the 'Show First Run Wizard again' Button in the Settings and add an 'About' menu entry to the Dropdown menu between 'Help' and 'Log out'..I'm not sure if it should be that prominent, how if we just move it to the help section as kind of a start page for the manuals? But yes, we should remove it from the sync clients page, since that is not really related...> Could we make the content (texts, ...) themeable? Especially for enterprise users, sections like „Contributing“ do not make sense and could be replaced by a „Need help? Call IT departement for help“-section or whatever they want :)..:+1: I'll have a look if we could use some existing custom theme mechanism there.",
  "emotion":{
    "document":{
      "emotion":{
        "anger":0.049762,
        "disgust":0.009031,
        "fear":0.02242,
        "joy":0.409246,
        "sadness":0.277685
      }
    }
  },
  "info":{
    "issue":57,
    "owner":"nextcloud",
    "repository":"firstrunwizard",
    "user":"juliushaertl"
  },
  "language":"en",
  "usage":{
    "features":1,
    "text_characters":770,
    "text_units":1
  }
}