{
  "analyzed_text":"@jancborchardt Here is the adjusted version with a proper primary button:..![peek 2019-01-09 14-14](link",
  "emotion":{
    "document":{
      "emotion":{
        "anger":0.019722,
        "disgust":0.062341,
        "fear":0.320292,
        "joy":0.391784,
        "sadness":0.084018
      }
    }
  },
  "info":{
    "issue":106,
    "owner":"nextcloud",
    "repository":"firstrunwizard",
    "user":"juliushaertl"
  },
  "language":"en",
  "usage":{
    "features":1,
    "text_characters":104,
    "text_units":1
  }
}