{
  "analyzed_text":"For the docker install, what are you using for your  ? ..Try setting a non-link endpoint name, and accessing with MY_IP:4567 . Then we can at least verify that its an nginx issue...I noticed on my nginx I needed to add websocket support, was surprised it didn't have it out of the box, i had to add it: link",
  "emotion":{
    "document":{
      "emotion":{
        "anger":0.040458,
        "disgust":0.013548,
        "fear":0.086782,
        "joy":0.183983,
        "sadness":0.469315
      }
    }
  },
  "info":{
    "issue":207,
    "owner":"dessalines",
    "repository":"flowchat",
    "user":"dessalines"
  },
  "language":"en",
  "usage":{
    "features":1,
    "text_characters":307,
    "text_units":1
  }
}