{
  "analyzed_text":"@CoolONEOfficial This issue has been resolved. If you have trouble with another Android version can you please file a new bug with more information detailing what the problem is? Ideally, we some code examples that reproduce the problem. Thanks.",
  "emotion":{
    "document":{
      "emotion":{
        "anger":0.154657,
        "disgust":0.01349,
        "fear":0.085375,
        "joy":0.163605,
        "sadness":0.384249
      }
    }
  },
  "info":{
    "issue":21911,
    "owner":"flutter",
    "repository":"flutter",
    "user":"goderbauer"
  },
  "language":"en",
  "usage":{
    "features":1,
    "text_characters":245,
    "text_units":1
  }
}