{
  "analyzed_text":"@ChengLuffy great, glad that was it. Do you happen to know why you may have had that file?",
  "emotion":{
    "document":{
      "emotion":{
        "anger":0.030594,
        "disgust":0.007542,
        "fear":0.106335,
        "joy":0.504455,
        "sadness":0.300239
      }
    }
  },
  "info":{
    "issue":103895,
    "owner":"flutter",
    "repository":"flutter",
    "user":"DanTup"
  },
  "language":"en",
  "usage":{
    "features":1,
    "text_characters":90,
    "text_units":1
  }
}