{
  "analyzed_text":"Verified with this is not happening on master...@EliasDeuss let us know if this is still happening with a clean build.",
  "emotion":{
    "document":{
      "emotion":{
        "anger":0.036335,
        "disgust":0.023379,
        "fear":0.03117,
        "joy":0.203615,
        "sadness":0.191185
      }
    }
  },
  "info":{
    "issue":45129,
    "owner":"flutter",
    "repository":"flutter",
    "user":"dnfield"
  },
  "language":"en",
  "usage":{
    "features":1,
    "text_characters":118,
    "text_units":1
  }
}