{
  "analyzed_text":"Looks like something went wrong while downloading the dart sdk. Can you delete the  folder inside  and then run  again? What's the output?..Are you by any chance behind a firewall (or using a proxy) that might be blocking the download of the dart sdk?",
  "emotion":{
    "document":{
      "emotion":{
        "anger":0.078167,
        "disgust":0.014513,
        "fear":0.120657,
        "joy":0.018781,
        "sadness":0.730313
      }
    }
  },
  "info":{
    "issue":12666,
    "owner":"flutter",
    "repository":"flutter",
    "user":"goderbauer"
  },
  "language":"en",
  "usage":{
    "features":1,
    "text_characters":251,
    "text_units":1
  }
}