{
  "analyzed_text":"Perhaps we can make this issue a bit more focused on just the timerfd_create issue then?",
  "emotion":{
    "document":{
      "emotion":{
        "anger":0.053174,
        "disgust":0.008055,
        "fear":0.04504,
        "joy":0.426563,
        "sadness":0.21334
      }
    }
  },
  "info":{
    "issue":26183,
    "owner":"flutter",
    "repository":"flutter",
    "user":"dnfield"
  },
  "language":"en",
  "usage":{
    "features":1,
    "text_characters":88,
    "text_units":1
  }
}