{
  "analyzed_text":"On the duplicate link on stable 2.2 the stacktrace was:....On that issue, Jonah commented:..> IIRC something similar was happening before when there was a page refresh, and the fix was perhaps to poll for the application to re-initialize?.>.> It would be great if these bad state errors didn't crash the tool and instead were resilient to what might be transient issues. i.e. polling/retry/et cetera.>.> At the very least, crashing with more info would be good..",
  "emotion":{
    "document":{
      "emotion":{
        "anger":0.017763,
        "disgust":0.011307,
        "fear":0.082043,
        "joy":0.174858,
        "sadness":0.292431
      }
    }
  },
  "info":{
    "issue":60495,
    "owner":"flutter",
    "repository":"flutter",
    "user":"christopherfujino"
  },
  "language":"en",
  "usage":{
    "features":1,
    "text_characters":462,
    "text_units":1
  }
}