{
  "analyzed_text":"Hi @cgfischer .given your last message I feel safe to close this issue,.if you disagree please write in the comments.and I will reopen it. .Thank you",
  "emotion":{
    "document":{
      "emotion":{
        "anger":0.052895,
        "disgust":0.160695,
        "fear":0.095895,
        "joy":0.239687,
        "sadness":0.195288
      }
    }
  },
  "info":{
    "issue":31375,
    "owner":"flutter",
    "repository":"flutter",
    "user":"iapicca"
  },
  "language":"en",
  "usage":{
    "features":1,
    "text_characters":149,
    "text_units":1
  }
}