{
  "analyzed_text":"Filed #53267 to track additional callsites that should have errorbuilders.",
  "emotion":{
    "document":{
      "emotion":{
        "anger":0.167699,
        "disgust":0.035085,
        "fear":0.026468,
        "joy":0.691188,
        "sadness":0.062435
      }
    }
  },
  "info":{
    "issue":20910,
    "owner":"flutter",
    "repository":"flutter",
    "user":"dnfield"
  },
  "language":"en",
  "usage":{
    "features":1,
    "text_characters":74,
    "text_units":1
  }
}