{
  "analyzed_text":"Once that patch has landed in the framework, the TODAY label can be removed here...The root cause of all this was enabling a Java  that previously was never run.  It looked good, but it was actually not testing a valid condition for reasons explained in the linked PR.  The logs have been removed - there may well be some kind of error here, but we have no good way to catch it right now.",
  "emotion":{
    "document":{
      "emotion":{
        "anger":0.02619,
        "disgust":0.016405,
        "fear":0.043807,
        "joy":0.137381,
        "sadness":0.444278
      }
    }
  },
  "info":{
    "issue":32047,
    "owner":"flutter",
    "repository":"flutter",
    "user":"dnfield"
  },
  "language":"en",
  "usage":{
    "features":1,
    "text_characters":388,
    "text_units":1
  }
}