{
  "analyzed_text":"link everyone who still has this problem please file a new issue with the exact descriptions what happens, logs and the output of 'flutter doctor -v'  please..All system setups can be slightly different so it's always better to open new issues and reference related issues.",
  "emotion":{
    "document":{
      "emotion":{
        "anger":0.022692,
        "disgust":0.009444,
        "fear":0.08844,
        "joy":0.055943,
        "sadness":0.729429
      }
    }
  },
  "info":{
    "issue":199,
    "owner":"firebase",
    "repository":"flutterfire",
    "user":"iapicca"
  },
  "language":"en",
  "usage":{
    "features":1,
    "text_characters":273,
    "text_units":1
  }
}