{
  "analyzed_text":"This thread has been automatically locked since there has not been any recent activity after it was closed. If you are still experiencing a similar issue, please open a new bug, including the output of  and a minimal reproduction of the issue.",
  "emotion":{
    "document":{
      "emotion":{
        "anger":0.142542,
        "disgust":0.007904,
        "fear":0.082714,
        "joy":0.040141,
        "sadness":0.610656
      }
    }
  },
  "info":{
    "issue":10546,
    "owner":"flutter",
    "repository":"flutter",
    "user":"github-actions[bot]"
  },
  "language":"en",
  "usage":{
    "features":1,
    "text_characters":243,
    "text_units":1
  }
}