{
  "analyzed_text":"(continuation of discussion on link do you need the parameter to be optional? When setting the  of  to  everything seems to work fine even when using a  see example below: ..",
  "emotion":{
    "document":{
      "emotion":{
        "anger":0.033043,
        "disgust":0.016513,
        "fear":0.05271,
        "joy":0.34208,
        "sadness":0.398022
      }
    }
  },
  "info":{
    "issue":29844,
    "owner":"flutter",
    "repository":"flutter",
    "user":"goderbauer"
  },
  "language":"en",
  "usage":{
    "features":1,
    "text_characters":174,
    "text_units":1
  }
}