{
  "analyzed_text":"Between the specific microbenchmark and benchmarks we have for other tests on other platforms, I'd be confident in landing this as is.",
  "emotion":{
    "document":{
      "emotion":{
        "anger":0.016721,
        "disgust":0.008664,
        "fear":0.050627,
        "joy":0.367241,
        "sadness":0.253199
      }
    }
  },
  "info":{
    "issue":62330,
    "owner":"flutter",
    "repository":"flutter",
    "user":"dnfield"
  },
  "language":"en",
  "usage":{
    "features":1,
    "text_characters":134,
    "text_units":1
  }
}