{
  "analyzed_text":"I eventually realized that trace was done in debug mode, where the problem is not as severe...Here's what I have at this point:..- If we say  to , the lag goes away..- If we go back to single threaded configuration, the lag goes away..- The lag is _very_ reproducible when run in profile mode - but does require steady typing for up to 30 seconds before manifesting.  .- It may get better with metal.  I did a local build with metal, but that's missing all the plumbing for embedded platform views.  I'll open a new bug to track that..- There may be some way to resolve this by more cleverly managing the CATransaction, but I haven't been able to figure anything futher out there.",
  "emotion":{
    "document":{
      "emotion":{
        "anger":0.032772,
        "disgust":0.033634,
        "fear":0.128711,
        "joy":0.308016,
        "sadness":0.212353
      }
    }
  },
  "info":{
    "issue":31138,
    "owner":"flutter",
    "repository":"flutter",
    "user":"dnfield"
  },
  "language":"en",
  "usage":{
    "features":1,
    "text_characters":680,
    "text_units":1
  }
}