{
  "analyzed_text":"This was caused by link gist is: We cannot calculate the intrinsics of a RenderDecroation object because its size depends on the baseline of its children and baseline metrics are only available in Flutter after doing a full layout. Prior to the change, we just lied and returned an incorrect size. With this change, we are now correctly throwing to message that Flutter cannot calculate the intrinsic size of a RenderDecoration. ..",
  "emotion":{
    "document":{
      "emotion":{
        "anger":0.050617,
        "disgust":0.032141,
        "fear":0.070047,
        "joy":0.167214,
        "sadness":0.323579
      }
    }
  },
  "info":{
    "issue":71687,
    "owner":"flutter",
    "repository":"flutter",
    "user":"goderbauer"
  },
  "language":"en",
  "usage":{
    "features":1,
    "text_characters":431,
    "text_units":1
  }
}