{
  "analyzed_text":"@crashless Thanks for trying this. In the script above, though you need to replace  to the actual path to your copy of . Probably it's something like .",
  "emotion":{
    "document":{
      "emotion":{
        "anger":0.183463,
        "disgust":0.020317,
        "fear":0.081707,
        "joy":0.359676,
        "sadness":0.164495
      }
    }
  },
  "info":{
    "issue":18938,
    "owner":"flutter",
    "repository":"flutter",
    "user":"DanTup"
  },
  "language":"en",
  "usage":{
    "features":1,
    "text_characters":151,
    "text_units":1
  }
}