{
  "analyzed_text":"FWIW, we ran into this when the Material library introduced a class called  and another google team had a class named . The solution there was to  the new definition from material, although it would have mad ejust as much sense to use named imports...I'm not sure there's a general solution available here without some kind of change at the Dart language level though...  Any given name we create could cause this.",
  "emotion":{
    "document":{
      "emotion":{
        "anger":0.05395,
        "disgust":0.009123,
        "fear":0.039113,
        "joy":0.396699,
        "sadness":0.239518
      }
    }
  },
  "info":{
    "issue":34395,
    "owner":"flutter",
    "repository":"flutter",
    "user":"dnfield"
  },
  "language":"en",
  "usage":{
    "features":1,
    "text_characters":414,
    "text_units":1
  }
}