{
  "analyzed_text":"@dotdoom are you still interested in writing tests for this and landing?",
  "emotion":{
    "document":{
      "emotion":{
        "anger":0.061724,
        "disgust":0.034019,
        "fear":0.078297,
        "joy":0.476752,
        "sadness":0.087944
      }
    }
  },
  "info":{
    "issue":37581,
    "owner":"flutter",
    "repository":"flutter",
    "user":"christopherfujino"
  },
  "language":"en",
  "usage":{
    "features":1,
    "text_characters":72,
    "text_units":1
  }
}