{
  "analyzed_text":"> So when is it expected to be fixed?..@tanchao Is this blocking your workflow? As far as I can tell, this is an annoyance, and it should be fixed, but is non-critical because the plugins are still functioning (if anyone is having problems actually using the plugins, this would be much more serious and we should file this separately).",
  "emotion":{
    "document":{
      "emotion":{
        "anger":0.236049,
        "disgust":0.008513,
        "fear":0.059975,
        "joy":0.0503,
        "sadness":0.480603
      }
    }
  },
  "info":{
    "issue":54867,
    "owner":"flutter",
    "repository":"flutter",
    "user":"christopherfujino"
  },
  "language":"en",
  "usage":{
    "features":1,
    "text_characters":336,
    "text_units":1
  }
}