{
  "analyzed_text":"The last engine build successfully uploaded the linux arm desktop artifacts, so once that rolls to the framework, this PR should be unblocked:..link this commit: link",
  "emotion":{
    "document":{
      "emotion":{
        "anger":0.010455,
        "disgust":0.009025,
        "fear":0.030034,
        "joy":0.407133,
        "sadness":0.175436
      }
    }
  },
  "info":{
    "issue":61221,
    "owner":"flutter",
    "repository":"flutter",
    "user":"christopherfujino"
  },
  "language":"en",
  "usage":{
    "features":1,
    "text_characters":166,
    "text_units":1
  }
}