{
  "analyzed_text":"This has landed in the framework.  I removed the error logs as well, since the entire check was erroneous - we were checking scroll index against a partial list of children which will never work.",
  "emotion":{
    "document":{
      "emotion":{
        "anger":0.0277,
        "disgust":0.062093,
        "fear":0.029246,
        "joy":0.394372,
        "sadness":0.434616
      }
    }
  },
  "info":{
    "issue":32047,
    "owner":"flutter",
    "repository":"flutter",
    "user":"dnfield"
  },
  "language":"en",
  "usage":{
    "features":1,
    "text_characters":195,
    "text_units":1
  }
}