{
  "analyzed_text":"@super94i yours also seems different, but again please feel free to open a separate issue and tag me in it if you like.",
  "emotion":{
    "document":{
      "emotion":{
        "anger":0.024148,
        "disgust":0.023635,
        "fear":0.053434,
        "joy":0.174058,
        "sadness":0.431951
      }
    }
  },
  "info":{
    "issue":11895,
    "owner":"flutter",
    "repository":"flutter",
    "user":"dnfield"
  },
  "language":"en",
  "usage":{
    "features":1,
    "text_characters":119,
    "text_units":1
  }
}