{
  "analyzed_text":"It would also be helpful if somebody could post the stacktrace or error message of the crash.",
  "emotion":{
    "document":{
      "emotion":{
        "anger":0.028454,
        "disgust":0.00442,
        "fear":0.029965,
        "joy":0.03003,
        "sadness":0.795818
      }
    }
  },
  "info":{
    "issue":46457,
    "owner":"flutter",
    "repository":"flutter",
    "user":"goderbauer"
  },
  "language":"en",
  "usage":{
    "features":1,
    "text_characters":93,
    "text_units":1
  }
}