{
  "analyzed_text":"We do need some kind of a way to reproduce this, though, in order to fix it. From the stack trace it looks like the problem is in , which is not a file included with the framework. This may be a problem in your app implementation or the library that is providing . If you can post some code that reproduces it, we can debug it futher.",
  "emotion":{
    "document":{
      "emotion":{
        "anger":0.045593,
        "disgust":0.010407,
        "fear":0.09333,
        "joy":0.229685,
        "sadness":0.404867
      }
    }
  },
  "info":{
    "issue":82326,
    "owner":"flutter",
    "repository":"flutter",
    "user":"goderbauer"
  },
  "language":"en",
  "usage":{
    "features":1,
    "text_characters":334,
    "text_units":1
  }
}