{
  "analyzed_text":"Hi @albertbxl ..> I can get status as follow method:.> final result = await Navigator.pushNamed,.> .> 1. but PageA -> PageB ->PageC -> PageD  popUntil PageA ,.> 2. It have Slip gesture to pop back in iOS ,.>    I want to fetch new data in every time pop to PageA，what should I do ?..This platform is not meant for assistance on personal code..Please see link for resources and asking questions like this,.you may also get some help if you post it on Stack Overflow...> I use deactivate in flutter 1.12 version, and it run ok, when I upgrade to 1.17, deactivate not call ,when Navigator.pop,..can you please provide your  ,.and if possible a reproducible minimal code sample..Thank you",
  "emotion":{
    "document":{
      "emotion":{
        "anger":0.057887,
        "disgust":0.005753,
        "fear":0.044286,
        "joy":0.376984,
        "sadness":0.269969
      }
    }
  },
  "info":{
    "issue":57465,
    "owner":"flutter",
    "repository":"flutter",
    "user":"iapicca"
  },
  "language":"en",
  "usage":{
    "features":1,
    "text_characters":684,
    "text_units":1
  }
}