{
  "analyzed_text":"Hi @Kimonnn .I'm not sure that what you are describing is a bug related to PageView..<details>.  <summary>sample code</summary>....</details>..generally it's a good idea to \"load\" and dispose the images to free some memory.but if in want prioritize the \"readiness\" of the picture you might want to consider the ..<details>.  <summary>sample</summary>....does this solution fix the issue?.thank you.</details>",
  "emotion":{
    "document":{
      "emotion":{
        "anger":0.046923,
        "disgust":0.004262,
        "fear":0.123044,
        "joy":0.422556,
        "sadness":0.085286
      }
    }
  },
  "info":{
    "issue":45777,
    "owner":"flutter",
    "repository":"flutter",
    "user":"iapicca"
  },
  "language":"en",
  "usage":{
    "features":1,
    "text_characters":408,
    "text_units":1
  }
}