{
  "analyzed_text":"This looks nice. I second (or third) what other have said, though. I hope you make this available as a third-party package!..Out of curiosity, how does the implementation handle the following situation: You're scrolled to the end and one of the boxes above the current scroll position changes its size. How/when do you re-layout to adjust the grid?",
  "emotion":{
    "document":{
      "emotion":{
        "anger":0.143978,
        "disgust":0.015162,
        "fear":0.060368,
        "joy":0.591593,
        "sadness":0.217182
      }
    }
  },
  "info":{
    "issue":59582,
    "owner":"flutter",
    "repository":"flutter",
    "user":"goderbauer"
  },
  "language":"en",
  "usage":{
    "features":1,
    "text_characters":348,
    "text_units":1
  }
}