{
  "analyzed_text":"Hi @nikkelberg .your seems to be an issue with firebase as a service rather than with google_sign_in plugin.please open the issue in the dedicated [github](link as this isn't an issue with Flutter itself,.if you disagree please write in the comments and I will reopen it.thank you",
  "emotion":{
    "document":{
      "emotion":{
        "anger":0.08128,
        "disgust":0.017657,
        "fear":0.021402,
        "joy":0.069174,
        "sadness":0.345063
      }
    }
  },
  "info":{
    "issue":55676,
    "owner":"flutter",
    "repository":"flutter",
    "user":"iapicca"
  },
  "language":"en",
  "usage":{
    "features":1,
    "text_characters":280,
    "text_units":1
  }
}