{
  "analyzed_text":"Here's the smallest test I've been able to write that demonstrates this.....Continuing to poke at a fix for this.",
  "emotion":{
    "document":{
      "emotion":{
        "anger":0.062251,
        "disgust":0.03439,
        "fear":0.074535,
        "joy":0.329319,
        "sadness":0.092658
      }
    }
  },
  "info":{
    "issue":73675,
    "owner":"flutter",
    "repository":"flutter",
    "user":"dnfield"
  },
  "language":"en",
  "usage":{
    "features":1,
    "text_characters":113,
    "text_units":1
  }
}