{
  "analyzed_text":"I am still a little concerned about the performance implications of this...Ignoring that, this LGTM.",
  "emotion":{
    "document":{
      "emotion":{
        "anger":0.038891,
        "disgust":0.015243,
        "fear":0.15299,
        "joy":0.014445,
        "sadness":0.679111
      }
    }
  },
  "info":{
    "issue":49235,
    "owner":"flutter",
    "repository":"flutter",
    "user":"goderbauer"
  },
  "language":"en",
  "usage":{
    "features":1,
    "text_characters":100,
    "text_units":1
  }
}