{
  "analyzed_text":"Looks like the analyzer is unhappy with this one, could you please fix it?",
  "emotion":{
    "document":{
      "emotion":{
        "anger":0.052802,
        "disgust":0.007747,
        "fear":0.111257,
        "joy":0.008853,
        "sadness":0.73634
      }
    }
  },
  "info":{
    "issue":103523,
    "owner":"flutter",
    "repository":"flutter",
    "user":"goderbauer"
  },
  "language":"en",
  "usage":{
    "features":1,
    "text_characters":74,
    "text_units":1
  }
}