{
  "analyzed_text":"@ManishKiranagi .the problem may depend from your implementation and strategy for caching those images,.your code sample seems more a snippet from production code,.can you please provide a minimal **_reproducible_** code sample and your ",
  "emotion":{
    "document":{
      "emotion":{
        "anger":0.046675,
        "disgust":0.009891,
        "fear":0.061751,
        "joy":0.217544,
        "sadness":0.515946
      }
    }
  },
  "info":{
    "issue":71325,
    "owner":"flutter",
    "repository":"flutter",
    "user":"iapicca"
  },
  "language":"en",
  "usage":{
    "features":1,
    "text_characters":237,
    "text_units":1
  }
}