{
  "analyzed_text":"@hvisser Yes, I am looking at this for both platforms (and it should be flexible enough to plug into other platforms as well). I removed the platform-android label to make it clear that this is not an Android specific problem.",
  "emotion":{
    "document":{
      "emotion":{
        "anger":0.048102,
        "disgust":0.037346,
        "fear":0.053095,
        "joy":0.379877,
        "sadness":0.344137
      }
    }
  },
  "info":{
    "issue":6827,
    "owner":"flutter",
    "repository":"flutter",
    "user":"goderbauer"
  },
  "language":"en",
  "usage":{
    "features":1,
    "text_characters":226,
    "text_units":1
  }
}