{
  "analyzed_text":"@carrbrpoa Ok, this suggests that your proxy can't handle the local websocket connections. The best fix is by updating your  environment variable to include  as well as  so it's bypassed...You should be able to confirm this by setting it manually:....and then testing Flutter from the same terminal (or if you want to use Code, launch Code *from the terminal* and then test it there)...Assuming this works, you just need to make that change permanently. How or where is best to do this may depend on your OS and how the proxy is configured - if it's something you've done then you may know how to do this - if it's something done by an IT team then you may need to speak to them...Let me know if the above testing doesn't work, or you're unable to get  fixed globally and we can look for some other solutions (which IDE are you using BTW?).",
  "emotion":{
    "document":{
      "emotion":{
        "anger":0.059143,
        "disgust":0.009968,
        "fear":0.06449,
        "joy":0.191901,
        "sadness":0.456933
      }
    }
  },
  "info":{
    "issue":14991,
    "owner":"flutter",
    "repository":"flutter",
    "user":"DanTup"
  },
  "language":"en",
  "usage":{
    "features":1,
    "text_characters":840,
    "text_units":1
  }
}