{
  "analyzed_text":"Out of curiousity, is the flutter_lottie package not working for your needs or is it that you just expect this would have better performance?..I don't have any updates on this just yet and probably won't have much capacity for it in the next couple months, but someday I do want to get back to it.  I suspect, however, that it will require some more modularization of the engine capabilities that we don't quite have yet.",
  "emotion":{
    "document":{
      "emotion":{
        "anger":0.036001,
        "disgust":0.008083,
        "fear":0.24327,
        "joy":0.185396,
        "sadness":0.197168
      }
    }
  },
  "info":{
    "issue":20438,
    "owner":"flutter",
    "repository":"flutter",
    "user":"dnfield"
  },
  "language":"en",
  "usage":{
    "features":1,
    "text_characters":421,
    "text_units":1
  }
}