{
  "analyzed_text":"> .> .> Hi @duzenko.> if you could also post.> a self contained app on github.> it would help to reproduce the issue,.> thank you..link",
  "emotion":{
    "document":{
      "emotion":{
        "anger":0.035728,
        "disgust":0.002474,
        "fear":0.031453,
        "joy":0.564655,
        "sadness":0.243734
      }
    }
  },
  "info":{
    "issue":34042,
    "owner":"flutter",
    "repository":"flutter",
    "user":"duzenko"
  },
  "language":"en",
  "usage":{
    "features":1,
    "text_characters":135,
    "text_units":1
  }
}