{
  "analyzed_text":"@vanlooverenkoen - the images you are loading are fairly high resolution. Assuming you're actually showing multiple of them on the screen at once, you should probably be using / parameters on the  widget(s)...There's a debug setting that can help you automaticaly detect this - when running from the Flutter CLI, you can press  (uppercase i), or you can set  to true in your application...Otherwise, this is expected behavior. For better or worse, Flutter defaults to decoding images at full resolution, and if you ask it to show a bunch of them at once it will try to decode all of them at that resolution. That takes  bytes per image.",
  "emotion":{
    "document":{
      "emotion":{
        "anger":0.191171,
        "disgust":0.025213,
        "fear":0.074128,
        "joy":0.23908,
        "sadness":0.16023
      }
    }
  },
  "info":{
    "issue":65834,
    "owner":"flutter",
    "repository":"flutter",
    "user":"dnfield"
  },
  "language":"en",
  "usage":{
    "features":1,
    "text_characters":636,
    "text_units":1
  }
}