{
  "analyzed_text":"If you merge it, just make sure to watch the post submits and revert if they fail...@fkorotkov - would it help to push an empty commit to this to force the tests to run again?",
  "emotion":{
    "document":{
      "emotion":{
        "anger":0.06393,
        "disgust":0.035297,
        "fear":0.079636,
        "joy":0.064,
        "sadness":0.687798
      }
    }
  },
  "info":{
    "issue":37971,
    "owner":"flutter",
    "repository":"flutter",
    "user":"dnfield"
  },
  "language":"en",
  "usage":{
    "features":1,
    "text_characters":175,
    "text_units":1
  }
}