{
  "analyzed_text":"Hi @SerdarCanDev .[flare_flutter](link is a 3rd party plugin.you may want to consider opening an issue in the dedicated [github](link as this isn't an issue with Flutter itself,.if you disagree please write in the comments and I will reopen it.Thank you",
  "emotion":{
    "document":{
      "emotion":{
        "anger":0.070398,
        "disgust":0.019562,
        "fear":0.101109,
        "joy":0.20941,
        "sadness":0.203103
      }
    }
  },
  "info":{
    "issue":47480,
    "owner":"flutter",
    "repository":"flutter",
    "user":"iapicca"
  },
  "language":"en",
  "usage":{
    "features":1,
    "text_characters":253,
    "text_units":1
  }
}