{
  "analyzed_text":"Yes - those size images are quite large and will take up the amounts of memory you're saying.  You can use the  and  parameters to downsample them to the resolutions you will actually display at.",
  "emotion":{
    "document":{
      "emotion":{
        "anger":0.164005,
        "disgust":0.032836,
        "fear":0.061075,
        "joy":0.387979,
        "sadness":0.186432
      }
    }
  },
  "info":{
    "issue":51584,
    "owner":"flutter",
    "repository":"flutter",
    "user":"dnfield"
  },
  "language":"en",
  "usage":{
    "features":1,
    "text_characters":195,
    "text_units":1
  }
}