{
  "analyzed_text":"Hi @chosti34 .would you mind  sharing a minimal code sample to reproduce the problem..Thank you",
  "emotion":{
    "document":{
      "emotion":{
        "anger":0.03968,
        "disgust":0.00609,
        "fear":0.154148,
        "joy":0.1375,
        "sadness":0.339199
      }
    }
  },
  "info":{
    "issue":47339,
    "owner":"flutter",
    "repository":"flutter",
    "user":"iapicca"
  },
  "language":"en",
  "usage":{
    "features":1,
    "text_characters":95,
    "text_units":1
  }
}