{
  "analyzed_text":"Can you provide a little more context? What does your code look like that triggered this? Did it only appear after you added something?",
  "emotion":{
    "document":{
      "emotion":{
        "anger":0.071665,
        "disgust":0.023939,
        "fear":0.076158,
        "joy":0.304043,
        "sadness":0.386232
      }
    }
  },
  "info":{
    "issue":13326,
    "owner":"flutter",
    "repository":"flutter",
    "user":"goderbauer"
  },
  "language":"en",
  "usage":{
    "features":1,
    "text_characters":135,
    "text_units":1
  }
}