{
  "analyzed_text":"Hi @cosmotek .it's possible that the problem is within your code.I see you are running your app logic inside a build function,.moreover I see  and  in that function,.this is not recommended;..I suggest you to run your logic (especially the async) .outside the  of your widgets...If this approach doesn't help.please run .and provide your ,.your  .and  a reproducible minimal code sample..Thank you",
  "emotion":{
    "document":{
      "emotion":{
        "anger":0.067191,
        "disgust":0.003008,
        "fear":0.112193,
        "joy":0.164215,
        "sadness":0.235236
      }
    }
  },
  "info":{
    "issue":55558,
    "owner":"flutter",
    "repository":"flutter",
    "user":"iapicca"
  },
  "language":"en",
  "usage":{
    "features":1,
    "text_characters":397,
    "text_units":1
  }
}