{
  "analyzed_text":"@lsp9876 - I edited your post, but please wrap raw files like that in ` so Github can render it properly 😄 ..Can you add your build.gradle?",
  "emotion":{
    "document":{
      "emotion":{
        "anger":0.041338,
        "disgust":0.02752,
        "fear":0.009883,
        "joy":0.321919,
        "sadness":0.549074
      }
    }
  },
  "info":{
    "issue":28701,
    "owner":"flutter",
    "repository":"flutter",
    "user":"dnfield"
  },
  "language":"en",
  "usage":{
    "features":1,
    "text_characters":139,
    "text_units":1
  }
}