{
  "analyzed_text":"Nevermind,.seems fixed with the new master..<details><summary>screenshot</summary>..![image](link @VladyslavBondarenko ",
  "emotion":{
    "document":{
      "emotion":{
        "anger":0.028698,
        "disgust":0.019922,
        "fear":0.150802,
        "joy":0.343807,
        "sadness":0.155783
      }
    }
  },
  "info":{
    "issue":62472,
    "owner":"flutter",
    "repository":"flutter",
    "user":"iapicca"
  },
  "language":"en",
  "usage":{
    "features":1,
    "text_characters":119,
    "text_units":1
  }
}