{
  "analyzed_text":"## Description..With the new release tag format, the Flutter tool failed to detect the new tags link Tag **parsing** was fixed in link however, version **reporting** was not updated, so flutter doctor and usage reporting would only include , and not the additional  in pre-stable releases...This PR fixes  **AND** accounts for another modification to the release tag format (). Parsing of the  format is being moved to the  method, and we are dropping support for . This parsing logic is only for the nearest tagged parent, thus we can drop parsing support for old formats once the new format has been published on that channel...## Related Issues..fixes link link Tests..I extended the existing test to verify more permutations are correctly being parsed...## Checklist..Before you create this PR confirm that it meets all requirements listed below by checking the relevant checkboxes (). This will ensure a smooth and quick review process...- [x] I read the [Contributor Guide] and followed the process outlined there for submitting PRs..- [x] I signed the [CLA]..- [x] I read and followed the [Flutter Style Guide], including [Features we expect every widget to implement]..- [x] I read the [Tree Hygiene] wiki page, which explains my responsibilities..- [x] I updated/added relevant documentation (doc comments with )..- [x] All existing and new tests are passing..- [x] The analyzer () does not report any problems on my PR..- [x] I am willing to follow-up on review comments in a timely manner...## Breaking Change..Did any tests fail when you ran them? Please read [Handling breaking changes]...- [x] No, no existing tests failed, so this is *not* a breaking change..- [ ] Yes, this is a breaking change. *If not, delete the remainder of this section.*.   - [ ] I wrote a design doc: link *Replace this with a link to your design doc's short link*.   - [ ] I got input from the developer relations team, specifically from: *Replace with the names of who gave advice*.   - [ ] I wrote a migration guide: *Replace with a link to your migration guide*",
  "emotion":{
    "document":{
      "emotion":{
        "anger":0.093892,
        "disgust":0.019104,
        "fear":0.123965,
        "joy":0.139571,
        "sadness":0.348995
      }
    }
  },
  "info":{
    "issue":54217,
    "owner":"flutter",
    "repository":"flutter",
    "user":"christopherfujino"
  },
  "language":"en",
  "usage":{
    "features":1,
    "text_characters":2055,
    "text_units":1
  }
}