{
  "analyzed_text":"Not sure if we really need a separate issue or not, but can file one if you prefer.",
  "emotion":{
    "document":{
      "emotion":{
        "anger":0.056869,
        "disgust":0.010978,
        "fear":0.164378,
        "joy":0.044395,
        "sadness":0.552174
      }
    }
  },
  "info":{
    "issue":35592,
    "owner":"flutter",
    "repository":"flutter",
    "user":"dnfield"
  },
  "language":"en",
  "usage":{
    "features":1,
    "text_characters":83,
    "text_units":1
  }
}