{
  "analyzed_text":"Closing this as resolved - you're looking at an older version than master on pub. Master currently reflects a preelase version on pub.",
  "emotion":{
    "document":{
      "emotion":{
        "anger":0.221887,
        "disgust":0.019782,
        "fear":0.031489,
        "joy":0.434889,
        "sadness":0.12398
      }
    }
  },
  "info":{
    "issue":492,
    "owner":"dnfield",
    "repository":"flutter_svg",
    "user":"dnfield"
  },
  "language":"en",
  "usage":{
    "features":1,
    "text_characters":134,
    "text_units":1
  }
}