{
  "analyzed_text":"Ok. I think we can generalize this slightly...My new idea is to track the size of the layers we retain in the layer cache. When we sweep that cache, that is a good opportunity to notify the Dart VM that it could free the heap by as many bytes as we freed there. The Dart VM could then decide to do a GC or not...That would resolve the case of images being retained as well as any other type of object we might be retaining in the layer tree, as long as we accurately bookeep the cost of the layer...References:..link - Adding Dart_NotifyLowMemory after this adequately frees the memory of removing image(s) from the scene..Refactoring the image decoder API is a different angle on this problem. That's to help the developer we've told \"your decoded image is too big, decode it smaller\" so they can actually do that and maintain aspect ratio.",
  "emotion":{
    "document":{
      "emotion":{
        "anger":0.038105,
        "disgust":0.030003,
        "fear":0.080844,
        "joy":0.312957,
        "sadness":0.279503
      }
    }
  },
  "info":{
    "issue":56482,
    "owner":"flutter",
    "repository":"flutter",
    "user":"dnfield"
  },
  "language":"en",
  "usage":{
    "features":1,
    "text_characters":841,
    "text_units":1
  }
}