{
  "analyzed_text":"The fix has landed in the engine - it will likely take a day or so to roll into the framework, and then a bit longer to become available on dev/beta/stable. But once it's in the framework you should be able to test it out on master.",
  "emotion":{
    "document":{
      "emotion":{
        "anger":0.025613,
        "disgust":0.031252,
        "fear":0.048687,
        "joy":0.557753,
        "sadness":0.111168
      }
    }
  },
  "info":{
    "issue":73675,
    "owner":"flutter",
    "repository":"flutter",
    "user":"dnfield"
  },
  "language":"en",
  "usage":{
    "features":1,
    "text_characters":232,
    "text_units":1
  }
}