{
  "analyzed_text":"I played around a little bit in Flutter Gallery with this and couldn't get it to break. Seems like a nice way to remove one of the limitations that developers often run into with hot reload...@Hixie What do you think about this? ",
  "emotion":{
    "document":{
      "emotion":{
        "anger":0.07367,
        "disgust":0.024978,
        "fear":0.105741,
        "joy":0.27588,
        "sadness":0.216371
      }
    }
  },
  "info":{
    "issue":48932,
    "owner":"flutter",
    "repository":"flutter",
    "user":"goderbauer"
  },
  "language":"en",
  "usage":{
    "features":1,
    "text_characters":229,
    "text_units":1
  }
}