{
  "analyzed_text":"Looks like this adds about 124kb to libflutter.so (75kb to the jar) for an Android 32 but release build with lto. I suspect that's beyond the threshold where this makes easy sense to include by default.  ..I'll ask around about what options might make sense for this.  I have a couple ideas but nothing very clear.",
  "emotion":{
    "document":{
      "emotion":{
        "anger":0.050001,
        "disgust":0.018536,
        "fear":0.078834,
        "joy":0.483022,
        "sadness":0.27973
      }
    }
  },
  "info":{
    "issue":20438,
    "owner":"flutter",
    "repository":"flutter",
    "user":"dnfield"
  },
  "language":"en",
  "usage":{
    "features":1,
    "text_characters":314,
    "text_units":1
  }
}