{
  "analyzed_text":"It looks like the splash screen is taken down the first time we call  [1]. We call this in a response to the engine calling our  [2] callback. We set this callback up in , which is called as part of ...So it looks like because we require the call to  earlier before runApp has had a chance to attach the root widget, we give the engine a chance to request a frame (by setting up our onDrawFrame callback) before we are ready. Since there is nothing to draw, it will return an empty Scene via , which unintentionally takes down the splash screen to reveal a blank black screen....[1] link link",
  "emotion":{
    "document":{
      "emotion":{
        "anger":0.036155,
        "disgust":0.01877,
        "fear":0.205531,
        "joy":0.305624,
        "sadness":0.333716
      }
    }
  },
  "info":{
    "issue":39494,
    "owner":"flutter",
    "repository":"flutter",
    "user":"goderbauer"
  },
  "language":"en",
  "usage":{
    "features":1,
    "text_characters":592,
    "text_units":1
  }
}