{
  "analyzed_text":"@ManishKiranagi .[flutter_dropzone](link is a 3rd party package, .if you believe the issue is relate to this component please open an issue in the dedicated [github](link instead you think it is a bug with flutter .please provide a minimal reproducible code sample that does not rely on 3rd party packages..regardless the package in use, please consider following [Performance best practices](link  and [image caching](link",
  "emotion":{
    "document":{
      "emotion":{
        "anger":0.041429,
        "disgust":0.019587,
        "fear":0.060799,
        "joy":0.356814,
        "sadness":0.186034
      }
    }
  },
  "info":{
    "issue":71325,
    "owner":"flutter",
    "repository":"flutter",
    "user":"iapicca"
  },
  "language":"en",
  "usage":{
    "features":1,
    "text_characters":423,
    "text_units":1
  }
}