{
  "analyzed_text":"@gspencergoog I assigned this to you since you seem to be working on it.",
  "emotion":{
    "document":{
      "emotion":{
        "anger":0.125767,
        "disgust":0.105386,
        "fear":0.151014,
        "joy":0.032621,
        "sadness":0.495767
      }
    }
  },
  "info":{
    "issue":47650,
    "owner":"flutter",
    "repository":"flutter",
    "user":"goderbauer"
  },
  "language":"en",
  "usage":{
    "features":1,
    "text_characters":72,
    "text_units":1
  }
}