{
  "analyzed_text":"I think that whatever name we come up with, it should have these properties:..- The name is not easily confused with the _actual main thread running the application_, which is different from the thread running Dart.  This means we should not call it \"main\", \"UI\" (since Android calls it the  already), \"master\", \"prime\".  IMO this means we should also not call it the \"App\" thread..- The name makes it clear that this is the thread the engine uses to interact with the Dart VM.- The name is not specific to a Framework-only concept like Widget, RenderObject, or Build...These all point me back to \"Dart\" thread, or perhaps \"Root Isolate Thread\".",
  "emotion":{
    "document":{
      "emotion":{
        "anger":0.038978,
        "disgust":0.015399,
        "fear":0.04664,
        "joy":0.137374,
        "sadness":0.502848
      }
    }
  },
  "info":{
    "issue":29443,
    "owner":"flutter",
    "repository":"flutter",
    "user":"dnfield"
  },
  "language":"en",
  "usage":{
    "features":1,
    "text_characters":645,
    "text_units":1
  }
}