{
  "analyzed_text":"Hi @cv0cv0 .could you please run ..if the issue persists .please provide your updated  , .and a reproducible minimal code sample..Thank you",
  "emotion":{
    "document":{
      "emotion":{
        "anger":0.058704,
        "disgust":0.006631,
        "fear":0.110833,
        "joy":0.122821,
        "sadness":0.42132
      }
    }
  },
  "info":{
    "issue":57469,
    "owner":"flutter",
    "repository":"flutter",
    "user":"iapicca"
  },
  "language":"en",
  "usage":{
    "features":1,
    "text_characters":139,
    "text_units":1
  }
}