{
  "analyzed_text":"I have this queued up next. From the fact that logs are visible in the observatory, I'm guessing this is a problem with idevicesyslog, which is a libimobiledevice tool.",
  "emotion":{
    "document":{
      "emotion":{
        "anger":0.043871,
        "disgust":0.029464,
        "fear":0.0764,
        "joy":0.293072,
        "sadness":0.405227
      }
    }
  },
  "info":{
    "issue":41133,
    "owner":"flutter",
    "repository":"flutter",
    "user":"christopherfujino"
  },
  "language":"en",
  "usage":{
    "features":1,
    "text_characters":168,
    "text_units":1
  }
}