{
  "analyzed_text":"Hi @itsJoKr .could you please run  .If the issue persist please provide your updated  .thank you",
  "emotion":{
    "document":{
      "emotion":{
        "anger":0.02343,
        "disgust":0.006829,
        "fear":0.037712,
        "joy":0.513792,
        "sadness":0.450179
      }
    }
  },
  "info":{
    "issue":46486,
    "owner":"flutter",
    "repository":"flutter",
    "user":"iapicca"
  },
  "language":"en",
  "usage":{
    "features":1,
    "text_characters":96,
    "text_units":1
  }
}