{
  "analyzed_text":"Hi @umair-ilyas .I'm glad that you solved the issue,.when upgrading version or changing channel.it's generally a good idea to run .and if needed ;.I believe there's no action to be taken...Closing this issue,.if you disagree please write in the comments and I will reopen it.Thank you.",
  "emotion":{
    "document":{
      "emotion":{
        "anger":0.033008,
        "disgust":0.005285,
        "fear":0.023879,
        "joy":0.553649,
        "sadness":0.101355
      }
    }
  },
  "info":{
    "issue":49482,
    "owner":"flutter",
    "repository":"flutter",
    "user":"iapicca"
  },
  "language":"en",
  "usage":{
    "features":1,
    "text_characters":285,
    "text_units":1
  }
}