{
  "analyzed_text":"Hi @peterkuch .if you followed the steps above.could you provide your .and  .Thank you",
  "emotion":{
    "document":{
      "emotion":{
        "anger":0.028922,
        "disgust":0.064609,
        "fear":0.09493,
        "joy":0.413349,
        "sadness":0.114522
      }
    }
  },
  "info":{
    "issue":2167,
    "owner":"firebase",
    "repository":"flutterfire",
    "user":"iapicca"
  },
  "language":"en",
  "usage":{
    "features":1,
    "text_characters":86,
    "text_units":1
  }
}