{
  "analyzed_text":"Hi @Hixie  .I believe those issues .link be duplicate of this one,.is that correct?",
  "emotion":{
    "document":{
      "emotion":{
        "anger":0.03256,
        "disgust":0.016477,
        "fear":0.041485,
        "joy":0.152782,
        "sadness":0.643655
      }
    }
  },
  "info":{
    "issue":35394,
    "owner":"flutter",
    "repository":"flutter",
    "user":"iapicca"
  },
  "language":"en",
  "usage":{
    "features":1,
    "text_characters":83,
    "text_units":1
  }
}