{
  "analyzed_text":"Oh, I see. That still leaves me confused about this one then (apologies for jumping between them - we could close this as a dupe of that the other issue if we think they're the same):..![Screenshot 2019-05-09 at 3 18 01 pm](link is from link one does have a / around it, but was also breaking as an unhandled exception.",
  "emotion":{
    "document":{
      "emotion":{
        "anger":0.041865,
        "disgust":0.023356,
        "fear":0.072466,
        "joy":0.1615,
        "sadness":0.440254
      }
    }
  },
  "info":{
    "issue":33427,
    "owner":"flutter",
    "repository":"flutter",
    "user":"DanTup"
  },
  "language":"en",
  "usage":{
    "features":1,
    "text_characters":319,
    "text_units":1
  }
}