{
  "analyzed_text":"Sure, you could investigate why this test passed on pre-submit but failed on post: link",
  "emotion":{
    "document":{
      "emotion":{
        "anger":0.174933,
        "disgust":0.023668,
        "fear":0.159196,
        "joy":0.018099,
        "sadness":0.325424
      }
    }
  },
  "info":{
    "issue":55385,
    "owner":"flutter",
    "repository":"flutter",
    "user":"christopherfujino"
  },
  "language":"en",
  "usage":{
    "features":1,
    "text_characters":87,
    "text_units":1
  }
}