{
  "analyzed_text":"The performance concerns are really secondary. The real problem is that if you got all the way to  with the wrong kind of engineLayer, you made a mistake along the way and potentially retained an entire layer tree (and any images it had) longer than necessary. Once you know the alpha is changing the layer should let the engine know to release resources.",
  "emotion":{
    "document":{
      "emotion":{
        "anger":0.043938,
        "disgust":0.028996,
        "fear":0.136584,
        "joy":0.29555,
        "sadness":0.411165
      }
    }
  },
  "info":{
    "issue":89264,
    "owner":"flutter",
    "repository":"flutter",
    "user":"dnfield"
  },
  "language":"en",
  "usage":{
    "features":1,
    "text_characters":355,
    "text_units":1
  }
}