{
  "analyzed_text":"Hello i must say i'm using the latest beta channel build and i'm still getting..",
  "emotion":{
    "document":{
      "emotion":{
        "anger":0.022852,
        "disgust":0.028498,
        "fear":0.146396,
        "joy":0.391827,
        "sadness":0.166346
      }
    }
  },
  "info":{
    "issue":52284,
    "owner":"flutter",
    "repository":"flutter",
    "user":"NicTanghe"
  },
  "language":"en",
  "usage":{
    "features":1,
    "text_characters":80,
    "text_units":1
  }
}