{
  "analyzed_text":"Can you post a complete working code snippet that showcases the problem?",
  "emotion":{
    "document":{
      "emotion":{
        "anger":0.033143,
        "disgust":0.016084,
        "fear":0.031025,
        "joy":0.054188,
        "sadness":0.704458
      }
    }
  },
  "info":{
    "issue":38006,
    "owner":"flutter",
    "repository":"flutter",
    "user":"goderbauer"
  },
  "language":"en",
  "usage":{
    "features":1,
    "text_characters":72,
    "text_units":1
  }
}