{
  "analyzed_text":"You are likely looking at an older version from pub. Try looking at github for that tag.",
  "emotion":{
    "document":{
      "emotion":{
        "anger":0.052642,
        "disgust":0.032623,
        "fear":0.082118,
        "joy":0.208053,
        "sadness":0.490246
      }
    }
  },
  "info":{
    "issue":492,
    "owner":"dnfield",
    "repository":"flutter_svg",
    "user":"dnfield"
  },
  "language":"en",
  "usage":{
    "features":1,
    "text_characters":88,
    "text_units":1
  }
}