{
  "analyzed_text":"@pasindud any update on the [issue](link Thanks [...], I'll have to take a look at this issue..",
  "emotion":{
    "document":{
      "emotion":{
        "anger":0.072901,
        "disgust":0.024821,
        "fear":0.175113,
        "joy":0.064905,
        "sadness":0.320366
      }
    }
  },
  "info":{
    "issue":76544,
    "owner":"flutter",
    "repository":"flutter",
    "user":"iapicca"
  },
  "language":"en",
  "usage":{
    "features":1,
    "text_characters":95,
    "text_units":1
  }
}