{
  "analyzed_text":"Hi @leonardosetiadi .Can you please provide your , .your  '.and your . .Thank you",
  "emotion":{
    "document":{
      "emotion":{
        "anger":0.056486,
        "disgust":0.033029,
        "fear":0.087263,
        "joy":0.538071,
        "sadness":0.151054
      }
    }
  },
  "info":{
    "issue":58598,
    "owner":"flutter",
    "repository":"flutter",
    "user":"iapicca"
  },
  "language":"en",
  "usage":{
    "features":1,
    "text_characters":81,
    "text_units":1
  }
}