{
  "analyzed_text":"@InMatrix Those three suggested categories sound good to me and seem easy to distinguish...However, in your example I'd be curious how to apply them. Would we want to mark part 2 both as summary and resolution? ",
  "emotion":{
    "document":{
      "emotion":{
        "anger":0.022884,
        "disgust":0.01814,
        "fear":0.269139,
        "joy":0.418775,
        "sadness":0.271502
      }
    }
  },
  "info":{
    "issue":27327,
    "owner":"flutter",
    "repository":"flutter",
    "user":"goderbauer"
  },
  "language":"en",
  "usage":{
    "features":1,
    "text_characters":211,
    "text_units":1
  }
}