{
  "analyzed_text":"Without additional information, we are unfortunately not sure how to resolve this issue. We are therefore reluctantly going to close this bug for now. Please don't hesitate to comment on the bug if you have any more information for us; we will reopen it right away!  .Thanks for your contribution...Could everyone who still has this problem please file a new issue with the exact descriptions what happens, logs and the output of 'flutter doctor -v'  please..All system setups can be slightly different so it's always better to open new issues and reference related issues.",
  "emotion":{
    "document":{
      "emotion":{
        "anger":0.164353,
        "disgust":0.063667,
        "fear":0.102277,
        "joy":0.105073,
        "sadness":0.345828
      }
    }
  },
  "info":{
    "issue":31612,
    "owner":"flutter",
    "repository":"flutter",
    "user":"iapicca"
  },
  "language":"en",
  "usage":{
    "features":1,
    "text_characters":573,
    "text_units":1
  }
}