{
  "analyzed_text":"Ok; the daemon page suggesting I might not get  but if you changed long ago enough that we can assume everyone is newer, I'll just drop the  stuff.",
  "emotion":{
    "document":{
      "emotion":{
        "anger":0.037095,
        "disgust":0.008774,
        "fear":0.48413,
        "joy":0.046248,
        "sadness":0.110364
      }
    }
  },
  "info":{
    "issue":10546,
    "owner":"flutter",
    "repository":"flutter",
    "user":"DanTup"
  },
  "language":"en",
  "usage":{
    "features":1,
    "text_characters":147,
    "text_units":1
  }
}