{
  "analyzed_text":"Hi @Dfisch3r .thank you for providing your doctor and your yaml,.while for the log, please make sure that a device is attached....Please do not provide production code or a snippet of it,.but a minimal reproducible code sample that representative of your implementation.Thank you",
  "emotion":{
    "document":{
      "emotion":{
        "anger":0.030382,
        "disgust":0.006812,
        "fear":0.057838,
        "joy":0.295633,
        "sadness":0.494327
      }
    }
  },
  "info":{
    "issue":60344,
    "owner":"flutter",
    "repository":"flutter",
    "user":"iapicca"
  },
  "language":"en",
  "usage":{
    "features":1,
    "text_characters":279,
    "text_units":1
  }
}