{
  "analyzed_text":"Hi @itismejy .Can you please provide your , .your , .your  .and a minimal reproducible code sample..Thank you",
  "emotion":{
    "document":{
      "emotion":{
        "anger":0.037856,
        "disgust":0.003655,
        "fear":0.073143,
        "joy":0.440882,
        "sadness":0.255126
      }
    }
  },
  "info":{
    "issue":2696,
    "owner":"firebase",
    "repository":"flutterfire",
    "user":"iapicca"
  },
  "language":"en",
  "usage":{
    "features":1,
    "text_characters":109,
    "text_units":1
  }
}