{
  "analyzed_text":"Hi @tbm98 .I'm glad that for now the problem is fixed.even though through  a workaround rather than a solution..Closing this issue.if you disagree please write in the comments and I will reopen it.Thank you",
  "emotion":{
    "document":{
      "emotion":{
        "anger":0.045554,
        "disgust":0.010224,
        "fear":0.020235,
        "joy":0.122174,
        "sadness":0.249406
      }
    }
  },
  "info":{
    "issue":47265,
    "owner":"flutter",
    "repository":"flutter",
    "user":"iapicca"
  },
  "language":"en",
  "usage":{
    "features":1,
    "text_characters":206,
    "text_units":1
  }
}