{
  "analyzed_text":"Hi again @nbkolchin .on android it does output the error,.but it's not related to the  itself.(that doen't use  ), but rather to the ..Regardless, thank you for the contribution..",
  "emotion":{
    "document":{
      "emotion":{
        "anger":0.027793,
        "disgust":0.008698,
        "fear":0.054699,
        "joy":0.374339,
        "sadness":0.476374
      }
    }
  },
  "info":{
    "issue":47089,
    "owner":"flutter",
    "repository":"flutter",
    "user":"iapicca"
  },
  "language":"en",
  "usage":{
    "features":1,
    "text_characters":179,
    "text_units":1
  }
}