{
  "analyzed_text":"@HidenoriMatsubayashi did you actually build the binaries and get this working, or is this a proof of concept? When I said I could help you with infra, I misunderstood and thought you had a working linux arm host setup. I can point you in the right direction, but I don't really have bandwidth to work on this at the moment.",
  "emotion":{
    "document":{
      "emotion":{
        "anger":0.163688,
        "disgust":0.017689,
        "fear":0.089955,
        "joy":0.10878,
        "sadness":0.324987
      }
    }
  },
  "info":{
    "issue":61221,
    "owner":"flutter",
    "repository":"flutter",
    "user":"christopherfujino"
  },
  "language":"en",
  "usage":{
    "features":1,
    "text_characters":324,
    "text_units":1
  }
}