{
  "analyzed_text":"Without additional information we are unfortunately not sure how to resolve this issue. .We are therefore reluctantly going to close this bug for now. .Please don't hesitate to comment on the bug if you have any more information for us; we will reopen it right away!  .Thanks for your contribution...Could everyone who still has this problem please file a new issue with the exact description of what happens, logs and the output of ..All system setups can be slightly different, so it's always better to open new issues and reference related issues.",
  "emotion":{
    "document":{
      "emotion":{
        "anger":0.169988,
        "disgust":0.062123,
        "fear":0.093502,
        "joy":0.092681,
        "sadness":0.370279
      }
    }
  },
  "info":{
    "issue":47517,
    "owner":"flutter",
    "repository":"flutter",
    "user":"iapicca"
  },
  "language":"en",
  "usage":{
    "features":1,
    "text_characters":550,
    "text_units":1
  }
}