{
  "analyzed_text":"I'm not really sure what the issue here is. Looking at the allocation map in dev mode proably isn't giving us enough good information, and looking in profile mode doesn't seem to show the same behavior. ..I do see memory go up as you scroll, but it seems to stabilize after a certain point.",
  "emotion":{
    "document":{
      "emotion":{
        "anger":0.073275,
        "disgust":0.016204,
        "fear":0.078392,
        "joy":0.249404,
        "sadness":0.378508
      }
    }
  },
  "info":{
    "issue":102140,
    "owner":"flutter",
    "repository":"flutter",
    "user":"dnfield"
  },
  "language":"en",
  "usage":{
    "features":1,
    "text_characters":290,
    "text_units":1
  }
}