{
  "analyzed_text":"Hi again @229106948 .could you please provide a minimal code sample to reproduce the problem.Thank you",
  "emotion":{
    "document":{
      "emotion":{
        "anger":0.027307,
        "disgust":0.009111,
        "fear":0.103308,
        "joy":0.708797,
        "sadness":0.085355
      }
    }
  },
  "info":{
    "issue":45751,
    "owner":"flutter",
    "repository":"flutter",
    "user":"iapicca"
  },
  "language":"en",
  "usage":{
    "features":1,
    "text_characters":102,
    "text_units":1
  }
}