{
  "analyzed_text":"Can the top appbar just live outside the scrollview, e.g. by setting ?",
  "emotion":{
    "document":{
      "emotion":{
        "anger":0.040003,
        "disgust":0.025889,
        "fear":0.102089,
        "joy":0.478435,
        "sadness":0.112233
      }
    }
  },
  "info":{
    "issue":64137,
    "owner":"flutter",
    "repository":"flutter",
    "user":"goderbauer"
  },
  "language":"en",
  "usage":{
    "features":1,
    "text_characters":70,
    "text_units":1
  }
}