{
  "analyzed_text":"@pq @goderbauer ..> maybe install location is something flutter doctor should check for and warn on windows?..> @pq This issue is preventing flutter doctor from running..It's not in doctor (because as mentioned, it doesn't run), but link should improve this for most - in the shell script we detect when the cache folder doesn't exist (after we just 'd) and give a suitable warning.",
  "emotion":{
    "document":{
      "emotion":{
        "anger":0.038096,
        "disgust":0.001988,
        "fear":0.32163,
        "joy":0.038113,
        "sadness":0.209548
      }
    }
  },
  "info":{
    "issue":11698,
    "owner":"flutter",
    "repository":"flutter",
    "user":"DanTup"
  },
  "language":"en",
  "usage":{
    "features":1,
    "text_characters":382,
    "text_units":1
  }
}