{
  "analyzed_text":"@nimesh1997 that issue has nothing to do with this one.  If you didn't find the answers provides in the linked issue helpful, perhaps you could look at posting a Stackoverflow question with your problem.",
  "emotion":{
    "document":{
      "emotion":{
        "anger":0.123704,
        "disgust":0.033389,
        "fear":0.086213,
        "joy":0.029032,
        "sadness":0.554344
      }
    }
  },
  "info":{
    "issue":18494,
    "owner":"flutter",
    "repository":"flutter",
    "user":"dnfield"
  },
  "language":"en",
  "usage":{
    "features":1,
    "text_characters":203,
    "text_units":1
  }
}