{
  "analyzed_text":"Ok, not that then. When you say \"the app freezes\", do you mean the mobile app on the device (or the VS Code app)? I think that's probably a different issue to not-rebuilding-properly so it may be worth opening another issue. If you're using VS Code I'd be interested in seeing [Flutter Run](link and [Observatory](link logfiles for the period when you're seeing freezes.",
  "emotion":{
    "document":{
      "emotion":{
        "anger":0.041219,
        "disgust":0.019239,
        "fear":0.062687,
        "joy":0.293762,
        "sadness":0.339631
      }
    }
  },
  "info":{
    "issue":16604,
    "owner":"flutter",
    "repository":"flutter",
    "user":"DanTup"
  },
  "language":"en",
  "usage":{
    "features":1,
    "text_characters":370,
    "text_units":1
  }
}