{
  "analyzed_text":"@matthew-carroll any chance this is related to the platform channels refactor?",
  "emotion":{
    "document":{
      "emotion":{
        "anger":0.024863,
        "disgust":0.029132,
        "fear":0.06833,
        "joy":0.170847,
        "sadness":0.631517
      }
    }
  },
  "info":{
    "issue":28438,
    "owner":"flutter",
    "repository":"flutter",
    "user":"dnfield"
  },
  "language":"en",
  "usage":{
    "features":1,
    "text_characters":78,
    "text_units":1
  }
}