{
  "analyzed_text":"Hi @miracle7937 .thanks for your  ;.can you please provide your  .and your  as well.Thank you",
  "emotion":{
    "document":{
      "emotion":{
        "anger":0.03225,
        "disgust":0.047649,
        "fear":0.056091,
        "joy":0.706866,
        "sadness":0.115504
      }
    }
  },
  "info":{
    "issue":55194,
    "owner":"flutter",
    "repository":"flutter",
    "user":"iapicca"
  },
  "language":"en",
  "usage":{
    "features":1,
    "text_characters":93,
    "text_units":1
  }
}