{
  "analyzed_text":"/cc @a-siva Anything from the Dart-side that can be done to surface a better error?",
  "emotion":{
    "document":{
      "emotion":{
        "anger":0.042632,
        "disgust":0.035215,
        "fear":0.259285,
        "joy":0.016442,
        "sadness":0.44696
      }
    }
  },
  "info":{
    "issue":40523,
    "owner":"flutter",
    "repository":"flutter",
    "user":"goderbauer"
  },
  "language":"en",
  "usage":{
    "features":1,
    "text_characters":83,
    "text_units":1
  }
}