{
  "analyzed_text":"Hi @Loopex2019 .can you please provide your  , .your full  .and your  .Thank you",
  "emotion":{
    "document":{
      "emotion":{
        "anger":0.033998,
        "disgust":0.034628,
        "fear":0.069229,
        "joy":0.668903,
        "sadness":0.10667
      }
    }
  },
  "info":{
    "issue":56649,
    "owner":"flutter",
    "repository":"flutter",
    "user":"iapicca"
  },
  "language":"en",
  "usage":{
    "features":1,
    "text_characters":80,
    "text_units":1
  }
}