{
  "analyzed_text":"Hi @awhitford .I'm glad you solved the issue.Thank you for letting me know",
  "emotion":{
    "document":{
      "emotion":{
        "anger":0.010858,
        "disgust":0.012446,
        "fear":0.032523,
        "joy":0.548638,
        "sadness":0.071426
      }
    }
  },
  "info":{
    "issue":2302,
    "owner":"firebase",
    "repository":"flutterfire",
    "user":"iapicca"
  },
  "language":"en",
  "usage":{
    "features":1,
    "text_characters":74,
    "text_units":1
  }
}