{
  "analyzed_text":"Hi @dansunhappy .in the hopeful assumption that these [PingFang](link fonts are valid..<details><summary>code + yaml</summary>..yaml.name: master.description: A new Flutter project...# The following line prevents the package from being accidentally published to.# pub.dev using . This is preferred for private packages..publish_to: 'none' # Remove this line if you wish to publish to pub.dev..# The following defines the version and build number for your application..# A version number is three numbers separated by dots, like 1.2.43.# followed by an optional build number separated by a +..# Both the version and the builder number may be overridden in flutter.# build by specifying --build-name and --build-number, respectively..# In Android, build-name is used as versionName while build-number used as versionCode..# Read more about Android versioning at link In iOS, build-name is used as CFBundleShortVersionString while build-number used as CFBundleVersion..# Read more about iOS versioning at.# link 1.0.0+1..environment:.  sdk: \">=2.7.0 <3.0.0\"..dependencies:.  flutter:.    sdk: flutter...dev_dependencies:.  flutter_test:.    sdk: flutter..# For information on the generic Dart part of this file, see the.# following page: link The following section is specific to Flutter..flutter:..  # The following line ensures that the Material Icons font is.  # included with your application, so that you can use the icons in.  # the material Icons class..  uses-material-design: true..  # To add assets to your application, add an assets section, like this:.  # assets:.  #   - images/a_dot_burr.jpeg.  #   - images/a_dot_ham.jpeg..  # An image asset can refer to one or more resolution-specific \"variants\", see.  # link  # For details regarding adding assets from package dependencies, see.  # link  # To add custom fonts to your application, add a fonts section here,.  # in this \"flutter\" section. Each entry in this list should have a.  # \"family\" key with the font family name, and a \"fonts\" key with a.  # list giving the asset and other descriptors for the font. For.  # example:.  fonts:.    - family: PingFang .      fonts:.        - asset: fonts/PingFang-Regular.ttf.          weight: 700.  #   - family: Schyler.  #     fonts:.  #       - asset: fonts/Schyler-Regular.ttf.  #       - asset: fonts/Schyler-Italic.ttf.  #         style: italic.  #   - family: Trajan Pro.  #     fonts:.  #       - asset: fonts/TrajanPro.ttf.  #       - asset: fonts/TrajanPro_Bold.ttf.  #         weight: 700.  #.  # For details regarding fonts from package dependencies,.  # see link Flutter (Channel master, 1.21.0-6.0.pre.90, on Mac OS X 10.15.5 19F101, locale en-GB).    • Flutter version 1.21.0-6.0.pre.90 at /Users/nevercode/development/flutter_master.    • Framework revision 531ee9452a (8 hours ago), 2020-07-29 02:26:03 -0400.    • Engine revision 1ba310017c.    • Dart version 2.10.0 (build 2.10.0-1.0.dev 24c7666def)...[✓] Android toolchain - develop for Android devices (Android SDK version 29.0.2).    • Android SDK at /Users/nevercode/Library/Android/sdk.    • Platform android-29, build-tools 29.0.2.    • Java binary at: /Applications/Android Studio.app/Contents/jre/jdk/Contents/Home/bin/java.    • Java version OpenJDK Runtime Environment (build 1.8.0_242-release-1644-b3-6222593).    • All Android licenses accepted...[✓] Xcode - develop for iOS and macOS (Xcode 11.5).    • Xcode at /Applications/Xcode.app/Contents/Developer.    • Xcode 11.5, Build version 11E608c.    • CocoaPods version 1.9.0..[✓] Chrome - develop for the web.    • Chrome at /Applications/Google Chrome.app/Contents/MacOS/Google Chrome..[✓] Android Studio (version 4.0).    • Android Studio at /Applications/Android Studio.app/Contents.    • Flutter plugin version 46.0.2.    • Dart plugin version 193.7361.    • Java version OpenJDK Runtime Environment (build 1.8.0_242-release-1644-b3-6222593)..[✓] VS Code.    • VS Code at /Applications/Visual Studio Code.app/Contents.    • Flutter extension version 3.12.2..[✓] Connected device (4 available).    • Pixel 3a (mobile) • 965AY0WP5C • android-arm64  • Android 10 (API 29).    • macOS (desktop)   • macos      • darwin-x64     • Mac OS X 10.15.5 19F101.    • Web Server (web)  • web-server • web-javascript • Flutter Tools.    • Chrome (web)      • chrome     • web-javascript • Google Chrome 84.0.4147.105..• No issues found!.`..</details>..I cannot reproduce the issue with the latest master, .does this represent the issue you are describing?.Thank you",
  "emotion":{
    "document":{
      "emotion":{
        "anger":0.045817,
        "disgust":0.01644,
        "fear":0.165958,
        "joy":0.327495,
        "sadness":0.30291
      }
    }
  },
  "info":{
    "issue":33548,
    "owner":"flutter",
    "repository":"flutter",
    "user":"iapicca"
  },
  "language":"en",
  "usage":{
    "features":1,
    "text_characters":4492,
    "text_units":1
  }
}