{
  "analyzed_text":"If the controllers change, wouldn't you have to call setState anyways to assign those new controllers to the textfields? When you do that, the Autofill would also rebuild with the new list of controllers.",
  "emotion":{
    "document":{
      "emotion":{
        "anger":0.3387,
        "disgust":0.053187,
        "fear":0.026978,
        "joy":0.105847,
        "sadness":0.392613
      }
    }
  },
  "info":{
    "issue":52126,
    "owner":"flutter",
    "repository":"flutter",
    "user":"goderbauer"
  },
  "language":"en",
  "usage":{
    "features":1,
    "text_characters":204,
    "text_units":1
  }
}