{
  "analyzed_text":"Could everyone who still has this problem please file a new issue with the exact descriptions what happens, logs and the output of 'flutter doctor -v'  please..All system setups can be slightly different so it's always better to open new issues and reference related issues.",
  "emotion":{
    "document":{
      "emotion":{
        "anger":0.026222,
        "disgust":0.008453,
        "fear":0.098508,
        "joy":0.065229,
        "sadness":0.731186
      }
    }
  },
  "info":{
    "issue":36742,
    "owner":"flutter",
    "repository":"flutter",
    "user":"iapicca"
  },
  "language":"en",
  "usage":{
    "features":1,
    "text_characters":274,
    "text_units":1
  }
}