{
  "analyzed_text":"@darshankawar .testing [android_intent](link [example app](link the latest master on physical device with ..<details>.<summary>logs</summary>....</details>..<details>.<summary>doctor</summary>....</details>..everything seems to work as intended..@praharshbhatt .I'm afraid this is a problem with your app configuration rather than a bug with flutter.for assistance with your code please follow the link  in the [new issue menu](link was up to me I'd just ..- create a new project.- import from your old project.   - pubspec, but only with up-to-date dependencies !.   - the whole lib folder.- very very carefully set up the native side",
  "emotion":{
    "document":{
      "emotion":{
        "anger":0.023031,
        "disgust":0.022657,
        "fear":0.082161,
        "joy":0.278948,
        "sadness":0.400841
      }
    }
  },
  "info":{
    "issue":76458,
    "owner":"flutter",
    "repository":"flutter",
    "user":"iapicca"
  },
  "language":"en",
  "usage":{
    "features":1,
    "text_characters":635,
    "text_units":1
  }
}