{
  "analyzed_text":"Raster thread is good...I don't like \"main thread\".  Main thread should normally mean the thread that was used for invoking the  method of your native application - e.g. the  task runner in our current lingo, and the  in Android lingo.  The current  thread is very different from that.",
  "emotion":{
    "document":{
      "emotion":{
        "anger":0.142206,
        "disgust":0.013963,
        "fear":0.061179,
        "joy":0.199275,
        "sadness":0.283154
      }
    }
  },
  "info":{
    "issue":29443,
    "owner":"flutter",
    "repository":"flutter",
    "user":"dnfield"
  },
  "language":"en",
  "usage":{
    "features":1,
    "text_characters":285,
    "text_units":1
  }
}