{
  "analyzed_text":"Glad to hear!..Is anybody in this thread still having an issue that is not related to proxies?..I've opened link to see if  can be improved to detect and help fix this more easily.",
  "emotion":{
    "document":{
      "emotion":{
        "anger":0.032812,
        "disgust":0.008635,
        "fear":0.054646,
        "joy":0.179557,
        "sadness":0.25535
      }
    }
  },
  "info":{
    "issue":22338,
    "owner":"flutter",
    "repository":"flutter",
    "user":"DanTup"
  },
  "language":"en",
  "usage":{
    "features":1,
    "text_characters":180,
    "text_units":1
  }
}