{
  "analyzed_text":"Hi @elgammalqa .I see there's an open [issue](link addressing the case you described..Please follow up on that issue,.I'm closing the current one as duplicate..If you disagree please write in the comments.and I will reopen it..Thank you",
  "emotion":{
    "document":{
      "emotion":{
        "anger":0.067773,
        "disgust":0.05508,
        "fear":0.035736,
        "joy":0.052645,
        "sadness":0.316688
      }
    }
  },
  "info":{
    "issue":1733,
    "owner":"firebase",
    "repository":"flutterfire",
    "user":"iapicca"
  },
  "language":"en",
  "usage":{
    "features":1,
    "text_characters":236,
    "text_units":1
  }
}