{
  "analyzed_text":"@MaikuB we've seen some issues similar to this that revolve around isolates not having the desired registrations.  It sounds like that's the case here - when the background initiates things, the foreground isn't getting the expected registration...Is that not the case?",
  "emotion":{
    "document":{
      "emotion":{
        "anger":0.251326,
        "disgust":0.023649,
        "fear":0.139573,
        "joy":0.141361,
        "sadness":0.249214
      }
    }
  },
  "info":{
    "issue":23904,
    "owner":"flutter",
    "repository":"flutter",
    "user":"dnfield"
  },
  "language":"en",
  "usage":{
    "features":1,
    "text_characters":269,
    "text_units":1
  }
}