{
  "analyzed_text":"> .> .> We are going to need more information in order to investigate this. Looking at the code snippet and stack trace, I don't see anything obvious that would be causing the issue. Can you provide a complete, runnable example with instructions on how to reproduce the problem?..1. Run.2. Pull to refresh.3. Crash with ...<details>.<summary>code sample</summary>...</details>..",
  "emotion":{
    "document":{
      "emotion":{
        "anger":0.107397,
        "disgust":0.0155,
        "fear":0.155929,
        "joy":0.302453,
        "sadness":0.229476
      }
    }
  },
  "info":{
    "issue":34990,
    "owner":"flutter",
    "repository":"flutter",
    "user":"duzenko"
  },
  "language":"en",
  "usage":{
    "features":1,
    "text_characters":378,
    "text_units":1
  }
}