{
  "analyzed_text":"> Hi @mostafa2142.> Looks like you are missing some gradle files.> Can you please try this possible [solution](link Thank you..i did but i still i get the error",
  "emotion":{
    "document":{
      "emotion":{
        "anger":0.090147,
        "disgust":0.003395,
        "fear":0.077215,
        "joy":0.014771,
        "sadness":0.730904
      }
    }
  },
  "info":{
    "issue":56890,
    "owner":"flutter",
    "repository":"flutter",
    "user":"ghost"
  },
  "language":"en",
  "usage":{
    "features":1,
    "text_characters":160,
    "text_units":1
  }
}