{
  "analyzed_text":"> if this is p2 and it's duplicated, #58479 should be p2 as well i guess..@nt4f04uNd  nice catch..although in this specific case I'd consider breaking the \"convention\" and consolidate the older on the newest.as most of comment in the older issue don't seem oriented to , .but to find a  workaround, namely downgrade .while in this issue the discussion seems to be more constructive.what do you think @TahaTesser ",
  "emotion":{
    "document":{
      "emotion":{
        "anger":0.093982,
        "disgust":0.026674,
        "fear":0.032901,
        "joy":0.054595,
        "sadness":0.215287
      }
    }
  },
  "info":{
    "issue":78625,
    "owner":"flutter",
    "repository":"flutter",
    "user":"iapicca"
  },
  "language":"en",
  "usage":{
    "features":1,
    "text_characters":412,
    "text_units":1
  }
}