{
  "analyzed_text":"Hm, right. I forgot about the concept of opaqueness...Could we solve that by remembering the child after which an annotation should be visited? In your example from link we'd get something like this:..A ---- {null: [m], B: [n]} (let's call this map annotations).|.|.B..Annotations are stored as a map from \"child layer\" to \"annotations to process before visiting that child layer\" (and null or any other special marker indicates: process these annotations before visiting any children)...So, when you search for annotations and arrive at A, you'd process them in the following order annotations[null], child[0], annotations[child[0]], child[1], annotations[child[1], etc.",
  "emotion":{
    "document":{
      "emotion":{
        "anger":0.038801,
        "disgust":0.028768,
        "fear":0.240557,
        "joy":0.339739,
        "sadness":0.300939
      }
    }
  },
  "info":{
    "issue":43646,
    "owner":"flutter",
    "repository":"flutter",
    "user":"goderbauer"
  },
  "language":"en",
  "usage":{
    "features":1,
    "text_characters":671,
    "text_units":1
  }
}