{
  "analyzed_text":"The AppVeyor build timed out; I don't seem to have permissions to restart it. Could somebody else do it?",
  "emotion":{
    "document":{
      "emotion":{
        "anger":0.123082,
        "disgust":0.028282,
        "fear":0.131271,
        "joy":0.130401,
        "sadness":0.216417
      }
    }
  },
  "info":{
    "issue":15018,
    "owner":"flutter",
    "repository":"flutter",
    "user":"DanTup"
  },
  "language":"en",
  "usage":{
    "features":1,
    "text_characters":104,
    "text_units":1
  }
}