{
  "analyzed_text":"*@basemelyyan commented on Nov 14, 2019, 10:11 PM UTC:*\n\nI got the same error.",
  "emotion":{
    "document":{
      "emotion":{
        "anger":0.042273,
        "disgust":0.012598,
        "fear":0.069776,
        "joy":0.121072,
        "sadness":0.675726
      }
    }
  },
  "info":{
    "issue":1858,
    "owner":"firebase",
    "repository":"flutterfire",
    "user":"ghost"
  },
  "language":"en",
  "usage":{
    "features":1,
    "text_characters":78,
    "text_units":1
  }
}