{
  "analyzed_text":"@icewind1991 so, you incorporated this code in your loading fixes? Do we need this pull request still then? (Also, can you please link the pull request?)\n",
  "emotion":{
    "document":{
      "emotion":{
        "anger":0.208829,
        "disgust":0.012152,
        "fear":0.155055,
        "joy":0.180776,
        "sadness":0.115505
      }
    }
  },
  "info":{
    "issue":17,
    "owner":"owncloud-archive",
    "repository":"gallery-old",
    "user":"jancborchardt"
  },
  "language":"en",
  "usage":{
    "features":1,
    "text_characters":154,
    "text_units":1
  }
}