{
  "analyzed_text":"No errors. But if I go to /org/proj/pulls and press \"New Pull Request\" it goes to /org/proj/compare/master...fork:master which gives 404. We did not have this problem with 1.7.2.",
  "emotion":{
    "document":{
      "emotion":{
        "anger":0.048125,
        "disgust":0.041507,
        "fear":0.133884,
        "joy":0.096522,
        "sadness":0.516679
      }
    }
  },
  "info":{
    "issue":6225,
    "owner":"go-gitea",
    "repository":"gitea",
    "user":"ptman"
  },
  "language":"en",
  "usage":{
    "features":1,
    "text_characters":178,
    "text_units":1
  }
}