{
  "analyzed_text":"For reference I've submitted our appimage to a number of distribution mechanisms here: link",
  "emotion":{
    "document":{
      "emotion":{
        "anger":0.038307,
        "disgust":0.009031,
        "fear":0.073433,
        "joy":0.359636,
        "sadness":0.150572
      }
    }
  },
  "info":{
    "issue":108,
    "owner":"glimpse-editor",
    "repository":"Glimpse",
    "user":"ghost"
  },
  "language":"en",
  "usage":{
    "features":1,
    "text_characters":91,
    "text_units":1
  }
}