{
  "analyzed_text":"The current plan is that there will be an AppImage, but it will be shortly after the Flatpak & Windows installers have been released for 0.1.",
  "emotion":{
    "document":{
      "emotion":{
        "anger":0.02117,
        "disgust":0.479436,
        "fear":0.056228,
        "joy":0.075578,
        "sadness":0.212306
      }
    }
  },
  "info":{
    "issue":108,
    "owner":"glimpse-editor",
    "repository":"Glimpse",
    "user":"ghost"
  },
  "language":"en",
  "usage":{
    "features":1,
    "text_characters":141,
    "text_units":1
  }
}