{
  "analyzed_text":"@cznic, that's fine for a runtime error, I'd like it to be able to fail at compile time.  It's possible to do that in other languages, and it's a great feature when sharing code across packages/development teams/etc...For instance, I really like what .NET core is trying to do with Span and ReadOnlySpan: link",
  "emotion":{
    "document":{
      "emotion":{
        "anger":0.017342,
        "disgust":0.012995,
        "fear":0.047088,
        "joy":0.298105,
        "sadness":0.454131
      }
    }
  },
  "info":{
    "issue":20443,
    "owner":"golang",
    "repository":"go",
    "user":"dnfield"
  },
  "language":"en",
  "usage":{
    "features":1,
    "text_characters":309,
    "text_units":1
  }
}