{
  "analyzed_text":"> This was already proposed, and I still don't see any reason to implement that. The only argument I can find here is that it may bring some Flutter users to Godot, but we don't really care that much..> .that's an honest answer, I respect that.too bad, I really feel that this could have been an opportunity for both",
  "emotion":{
    "document":{
      "emotion":{
        "anger":0.105061,
        "disgust":0.017581,
        "fear":0.038929,
        "joy":0.09416,
        "sadness":0.163817
      }
    }
  },
  "info":{
    "issue":58,
    "owner":"godotengine",
    "repository":"godot-proposals",
    "user":"iapicca"
  },
  "language":"en",
  "usage":{
    "features":1,
    "text_characters":316,
    "text_units":1
  }
}