{
  "analyzed_text":"Maybe it's my reading comprehension, but I couldn't figure out how google_auth_proxy tells upstream which user is authenticated. And gogs still needs to pick that up, otherwise you first need to authenticate to google_auth_proxy and then to gogs...\n\nUpdate: No wait, it is mentioned that it can pass basic_auth \"information\", so I guess it sets the basic auth header\n",
  "emotion":{
    "document":{
      "emotion":{
        "anger":0.169628,
        "disgust":0.019945,
        "fear":0.032905,
        "joy":0.1173,
        "sadness":0.476225
      }
    }
  },
  "info":{
    "issue":165,
    "owner":"gogs",
    "repository":"gogs",
    "user":"ptman"
  },
  "language":"en",
  "usage":{
    "features":1,
    "text_characters":367,
    "text_units":1
  }
}