{
  "analyzed_text":"If you have not read it yet, the official GSoC [student guide](link is a good place to start learning how the overall process works. Some more organisation specific details can be found in the process section of the [OpenCAx website](link for the project itself, I'd suggest to look at the different possible ways outlined above. For more interactive discussion join the [OpenSCAD IRC channel](link (people are in widely different time zones so it can take a while to catch someone, I'm adding the nick names on IRC to the project descriptions...).",
  "emotion":{
    "document":{
      "emotion":{
        "anger":0.056317,
        "disgust":0.016056,
        "fear":0.049828,
        "joy":0.580172,
        "sadness":0.092258
      }
    }
  },
  "info":{
    "issue":6,
    "owner":"opencax",
    "repository":"GSoC",
    "user":"t-paul"
  },
  "language":"en",
  "usage":{
    "features":1,
    "text_characters":548,
    "text_units":1
  }
}