{
  "analyzed_text":"> Ah, I just realized why this is happening - it's expected, since libp2p has a limit on incoming connections, once the limit is reached it wont accept any more connections and the connection will get stuck in TCP's backlog until it times out...Yeah, I was thinking of adding a more advanced canary as @jakubgs requested but considered indeed this as an issue for health checking libp2p..Practically this means we can only check the discovery protocol because of the way we handle incoming connections when max peers is reached.",
  "emotion":{
    "document":{
      "emotion":{
        "anger":0.066831,
        "disgust":0.020092,
        "fear":0.032596,
        "joy":0.098703,
        "sadness":0.244527
      }
    }
  },
  "info":{
    "issue":35,
    "owner":"status-im",
    "repository":"infra-nimbus",
    "user":"kdeme"
  },
  "language":"en",
  "usage":{
    "features":1,
    "text_characters":528,
    "text_units":1
  }
}