{
  "analyzed_text":"@kurtisanstey I guess this is probably a factor of 3 beam solutions having more variance than 4-beam solutions if the velocity field loses correlation on the scale of the beam separation.  So, its not as big a problem at lower frequencies, because the lateral scale of those motions is large.  However, at near-N, the lateral scale approaches the vertical scale and each beam can see quite different velocities.  A 4-beam solution will average that out over the horizontal pattern.  A 3-Beam solution will not average as much.  Further the 3-beam solution will have some preference in what it is looking at, given the direction of the three beams...Todo: - check the orientation of the beams compared to the canyon and see if that story is consistent..           - check if people have attenuation co-efficients for the variance depending on wavefield characteristics.           - check if the scaling holds in just the cross-canyon component, since that has less aliasing...Overall I'm not sure what we can do about this - I think the shoulder is still significant and useful to look at.  We should just be careful about explaining the limitations.  ",
  "emotion":{
    "document":{
      "emotion":{
        "anger":0.025705,
        "disgust":0.049263,
        "fear":0.153158,
        "joy":0.361465,
        "sadness":0.311316
      }
    }
  },
  "info":{
    "issue":54,
    "owner":"kurtisanstey",
    "repository":"internal_waves_barkley_canyon",
    "user":"jklymak"
  },
  "language":"en",
  "usage":{
    "features":1,
    "text_characters":1151,
    "text_units":1
  }
}