{
  "analyzed_text":"I also have two more modules hopefully popping up tomorrow so i should be\nable to try a few options later on Friday (UK hours)\n\nOn Thu, Apr 22, 2021 at 6:35 PM Funs Kessen ***@***.***>\nwrote:\n\n> @ian-p-johnson <link yeah that would be\n> interesting to see. I'm running cards on the 3900x and a 2xE5-2650v2 on a\n> X9DRi-LN4+/X9DR3-LN4+. Would it be possible to paste a full fio-status -a\n> here?\n>\n> With the 3900x and x570 I've had other interesting issues though with\n> 5.8.0 and Ubuntu. Starting two VMs while having a ZFS filesystem somewhere\n> in the box would make the kernel hit a BUG. this was prior to\n> 5.8.0-50-generic though. It seemed to be aggravated by the \"beta\" BIOS and\n> the kernel at that point, so I reverted the beta bios to a normal bios and\n> stuck with 5.4.0 until I moved to 5.11.\n>\n> —\n> You are receiving this because you were mentioned.\n> Reply to this email directly, view it on GitHub\n> <link\n> or unsubscribe\n> <link\n> .\n>\n",
  "emotion":{
    "document":{
      "emotion":{
        "anger":0.092155,
        "disgust":0.031656,
        "fear":0.108702,
        "joy":0.353024,
        "sadness":0.249747
      }
    }
  },
  "info":{
    "issue":81,
    "owner":"RemixVSL",
    "repository":"iomemory-vsl",
    "user":"ian-p-johnson"
  },
  "language":"en",
  "usage":{
    "features":1,
    "text_characters":954,
    "text_units":1
  }
}