{
  "analyzed_text":"Tried swapping into the 2nd PCIE slot on the 3900X/B450 Tomahawk- no difference - still the same problem ..Same machine/slot - installed Windows 10, upped power to 75w, CONNECTED FANS - striped (raid 0) CrystalDiskmark is showing read thruput at 2900/2800 r/w and corresponding random i/o time  - sweet (for now) ..I can revert to Linux (multi-boot) at about 12-24h notice as it is being used constantly - long term more or less any recent Linux is desirable though ",
  "emotion":{
    "document":{
      "emotion":{
        "anger":0.043233,
        "disgust":0.010887,
        "fear":0.035477,
        "joy":0.222754,
        "sadness":0.255056
      }
    }
  },
  "info":{
    "issue":81,
    "owner":"RemixVSL",
    "repository":"iomemory-vsl",
    "user":"ian-p-johnson"
  },
  "language":"en",
  "usage":{
    "features":1,
    "text_characters":466,
    "text_units":1
  }
}