{
  "analyzed_text":"> That is very odd, how come the Matplotlib logic fails with the _is_saving trait but is totally fine with other traits ￼...Because we are not trying to use other traits in the \"set / unset attributes\" context manager.",
  "emotion":{
    "document":{
      "emotion":{
        "anger":0.159388,
        "disgust":0.009516,
        "fear":0.055674,
        "joy":0.216994,
        "sadness":0.051852
      }
    }
  },
  "info":{
    "issue":252,
    "owner":"matplotlib",
    "repository":"ipympl",
    "user":"tacaswell"
  },
  "language":"en",
  "usage":{
    "features":1,
    "text_characters":218,
    "text_units":1
  }
}