{
  "analyzed_text":"FWIW, simple handling of rst to html conversion can be implemented as in the  and  functions at link and link",
  "emotion":{
    "document":{
      "emotion":{
        "anger":0.035242,
        "disgust":0.018154,
        "fear":0.053647,
        "joy":0.362325,
        "sadness":0.067266
      }
    }
  },
  "info":{
    "issue":3687,
    "owner":"ipython",
    "repository":"ipython",
    "user":"anntzer"
  },
  "language":"en",
  "usage":{
    "features":1,
    "text_characters":109,
    "text_units":1
  }
}