{
  "analyzed_text":"I thought you wanted html rendering always on (especially on the notebook), but there shouldn't be a problem to handle Sphinx as a soft dep. It's also a soft dep for us. \n\nYep, Ctrl+I just required to add a new keyboard shortcut to the widget which fires up the right function on the Object Inspector. It'll be a matter to add something similar to your pager widget.\n",
  "emotion":{
    "document":{
      "emotion":{
        "anger":0.067996,
        "disgust":0.014416,
        "fear":0.098929,
        "joy":0.243214,
        "sadness":0.369645
      }
    }
  },
  "info":{
    "issue":1920,
    "owner":"ipython",
    "repository":"ipython",
    "user":"ccordoba12"
  },
  "language":"en",
  "usage":{
    "features":1,
    "text_characters":367,
    "text_units":1
  }
}