{
  "analyzed_text":">fc2\n\nMy bad, I was looking for where FC2PPV titles came from, these are not titles in JAV library. I can't figure out where they come from, I found fc2ppv.tv, but I can't tell if this is the site where they originate from.\n\nAlso AVE has stuff that JAVLibrary and R18 does not list, MKBD-131 for example. And it has star name, studio, series, categories, date, playtime available when searching. ",
  "emotion":{
    "document":{
      "emotion":{
        "anger":0.033797,
        "disgust":0.034378,
        "fear":0.090109,
        "joy":0.24911,
        "sadness":0.461584
      }
    }
  },
  "info":{
    "issue":1,
    "owner":"DirtyRacer1337",
    "repository":"Jellyfin.Plugin.PhoenixAdult",
    "user":"seniorm0ment"
  },
  "language":"en",
  "usage":{
    "features":1,
    "text_characters":396,
    "text_units":1
  }
}