{
  "analyzed_text":"BTW, this would be moderately easy for a new contributor to implement (maybe as their very first contribution), given that we already have examples in other  formats. Unfortunately, we don't have a GitHub label to indicate that, although GitHub itself recommends such label names for projects; this could be something we could want to add.",
  "emotion":{
    "document":{
      "emotion":{
        "anger":0.137895,
        "disgust":0.00844,
        "fear":0.047335,
        "joy":0.407796,
        "sadness":0.327434
      }
    }
  },
  "info":{
    "issue":2842,
    "owner":"openwall",
    "repository":"john",
    "user":"solardiz"
  },
  "language":"en",
  "usage":{
    "features":1,
    "text_characters":339,
    "text_units":1
  }
}