{
  "analyzed_text":"> But ( + ), armv8 -> clear..So we probably need to look for aliasing violations in those formats that failed on armv8 before, @magnumripper.",
  "emotion":{
    "document":{
      "emotion":{
        "anger":0.068836,
        "disgust":0.019945,
        "fear":0.09318,
        "joy":0.018204,
        "sadness":0.687366
      }
    }
  },
  "info":{
    "issue":3932,
    "owner":"openwall",
    "repository":"john",
    "user":"solardiz"
  },
  "language":"en",
  "usage":{
    "features":1,
    "text_characters":141,
    "text_units":1
  }
}