{
  "analyzed_text":"In general, can you try building for s390x, ppc64, and armv8 (the 3 archs where you had failing formats) with  (if with gcc) and see if it makes a difference?",
  "emotion":{
    "document":{
      "emotion":{
        "anger":0.026047,
        "disgust":0.021848,
        "fear":0.077898,
        "joy":0.122466,
        "sadness":0.685713
      }
    }
  },
  "info":{
    "issue":3932,
    "owner":"openwall",
    "repository":"john",
    "user":"solardiz"
  },
  "language":"en",
  "usage":{
    "features":1,
    "text_characters":158,
    "text_units":1
  }
}