{
  "analyzed_text":"Also it'd help me and our users to have some explanation on when the \"optional\" libraries are required and when they're not...For those that are always required, they seem to be present in _both_ the main and the optional archives. Why is that? Our users would be confused about needing to accept overwriting of files.",
  "emotion":{
    "document":{
      "emotion":{
        "anger":0.077433,
        "disgust":0.026522,
        "fear":0.11705,
        "joy":0.116602,
        "sadness":0.465628
      }
    }
  },
  "info":{
    "issue":3513,
    "owner":"openwall",
    "repository":"john",
    "user":"solardiz"
  },
  "language":"en",
  "usage":{
    "features":1,
    "text_characters":318,
    "text_units":1
  }
}