{
  "analyzed_text":"> I guess these 3 bytes were allocated. But it might be a problem if real  would give buffers without \"free\" space between them...Or if another implementation of  in  would. I think that's not a JtR issue, but is just how  and ASan work.",
  "emotion":{
    "document":{
      "emotion":{
        "anger":0.180203,
        "disgust":0.010099,
        "fear":0.155004,
        "joy":0.055318,
        "sadness":0.278224
      }
    }
  },
  "info":{
    "issue":5013,
    "owner":"openwall",
    "repository":"john",
    "user":"solardiz"
  },
  "language":"en",
  "usage":{
    "features":1,
    "text_characters":237,
    "text_units":1
  }
}