{
  "analyzed_text":"@claudioandre-br Those segfaults shouldn't be happening with that change. This indicates there's another bug... or maybe you inadvertently dropped the keyword ?",
  "emotion":{
    "document":{
      "emotion":{
        "anger":0.076528,
        "disgust":0.064107,
        "fear":0.230628,
        "joy":0.049689,
        "sadness":0.284137
      }
    }
  },
  "info":{
    "issue":3701,
    "owner":"openwall",
    "repository":"john",
    "user":"solardiz"
  },
  "language":"en",
  "usage":{
    "features":1,
    "text_characters":160,
    "text_units":1
  }
}