{
  "analyzed_text":"BTW, I didn't expect any unaligned accesses for descrypt. That's weird. Also, those line numbers look a bit off (I'm looking at the latest bleeding-jumbo).",
  "emotion":{
    "document":{
      "emotion":{
        "anger":0.066031,
        "disgust":0.021973,
        "fear":0.170788,
        "joy":0.06981,
        "sadness":0.413037
      }
    }
  },
  "info":{
    "issue":3798,
    "owner":"openwall",
    "repository":"john",
    "user":"solardiz"
  },
  "language":"en",
  "usage":{
    "features":1,
    "text_characters":155,
    "text_units":1
  }
}