{
  "analyzed_text":"Claudio took care of some cleanup of README.md. Thanks!..magnum, now that you're back perhaps you can continue preparing the release highlights list? Maybe put it in a NEWS file or such in the repo, so that we'll hopefully maintain it going forward. Also, since we release so infrequently maybe group those changes not only by release (for now that would be just one list of all changes since 1.8.0-jumbo-1), but also by year. Thanks!",
  "emotion":{
    "document":{
      "emotion":{
        "anger":0.061501,
        "disgust":0.023552,
        "fear":0.186275,
        "joy":0.413053,
        "sadness":0.29865
      }
    }
  },
  "info":{
    "issue":3513,
    "owner":"openwall",
    "repository":"john",
    "user":"solardiz"
  },
  "language":"en",
  "usage":{
    "features":1,
    "text_characters":434,
    "text_units":1
  }
}