{
  "analyzed_text":"@magnumripper I'd rather leave this to you. Personally, I'm not convinced we should have gone for this complexity at all (higher-res timers).",
  "emotion":{
    "document":{
      "emotion":{
        "anger":0.086031,
        "disgust":0.031264,
        "fear":0.12807,
        "joy":0.182207,
        "sadness":0.408633
      }
    }
  },
  "info":{
    "issue":3984,
    "owner":"openwall",
    "repository":"john",
    "user":"solardiz"
  },
  "language":"en",
  "usage":{
    "features":1,
    "text_characters":141,
    "text_units":1
  }
}