{
  "analyzed_text":"@psychemedia I'm hoping to add reflection support to link so that you can configure your pivots and stuff in the front end and get the corresponding python code. We're also going to enable edit so you can modify stuff and reflect it back on the underlying dataframe/arrow/list/dict similar to ipysheet (but with added benefits of pivoting and streaming)",
  "emotion":{
    "document":{
      "emotion":{
        "anger":0.010724,
        "disgust":0.007613,
        "fear":0.047054,
        "joy":0.521989,
        "sadness":0.119546
      }
    }
  },
  "info":{
    "issue":5548,
    "owner":"jupyterlab",
    "repository":"jupyterlab",
    "user":"timkpaine"
  },
  "language":"en",
  "usage":{
    "features":1,
    "text_characters":353,
    "text_units":1
  }
}