{
  "analyzed_text":"Hrm, I found its spotty, if I navigate back and forth 10 times, half the time the loading circle will stay, and have the time it will load the community...I'll transfer this bug to the UI, I think there's some issues around  not being set to false if there are no comments or posts. ",
  "emotion":{
    "document":{
      "emotion":{
        "anger":0.078928,
        "disgust":0.016538,
        "fear":0.284429,
        "joy":0.06381,
        "sadness":0.150138
      }
    }
  },
  "info":{
    "issue":91,
    "owner":"LemmyNet",
    "repository":"lemmy-ui",
    "user":"dessalines"
  },
  "language":"en",
  "usage":{
    "features":1,
    "text_characters":283,
    "text_units":1
  }
}