{
  "analyzed_text":"I can't speak for 3MF as I'm here as open source developer trying to integrate 3MF into open source tools - but I still have a question...You say you embrace open source now - yet the initial step in your ideal workflow is using a closed source software which has no support for Linux?..The 3MF team has done an awesome job in making 3MF usable for everyone. Public specification, nice library implementation with generous license and cross platform at least including MacOS, Windows and Linux...So what about supporting the 3MF/color adoption in the open source world, specifically in open source 3D/CAD programs and slicers? It would be great to see a full color workflow based on open source software.",
  "emotion":{
    "document":{
      "emotion":{
        "anger":0.049229,
        "disgust":0.003313,
        "fear":0.018453,
        "joy":0.587212,
        "sadness":0.097338
      }
    }
  },
  "info":{
    "issue":102,
    "owner":"3MFConsortium",
    "repository":"lib3mf",
    "user":"t-paul"
  },
  "language":"en",
  "usage":{
    "features":1,
    "text_characters":704,
    "text_units":1
  }
}