{
  "analyzed_text":"Regarding , the one you tested manually is  built-in. Maybe your  (which is what  runs commands under) isn't  and you do not have the separate  package/program installed. Anyway, maybe we should drop usage of  from those tests...Thank you for figuring out that the  vs.  discrepancy in required rounding of size is actually documented, and for suggesting these alternatives. I think I'll try  and possibly also  in the fallback, although since the allocation is typically rather short-lived I'm concerned that on-the-fly conversion to huge pages (perhaps involving data copying) might cost more performance than subsequent usage of those pages would save. Also, when the allocation address isn't huge page aligned, I suppose the conversion would only be possible for pages in the middle of the allocation. Ideally, the kernel would be allocating huge pages right away (at least for those middle pages), but I'm not sure it will even with the advise (but maybe!)",
  "emotion":{
    "document":{
      "emotion":{
        "anger":0.065327,
        "disgust":0.02286,
        "fear":0.152085,
        "joy":0.117868,
        "sadness":0.290314
      }
    }
  },
  "info":{
    "issue":152,
    "owner":"besser82",
    "repository":"libxcrypt",
    "user":"solardiz"
  },
  "language":"en",
  "usage":{
    "features":1,
    "text_characters":961,
    "text_units":1
  }
}