{
  "analyzed_text":"There was also this:....but it'd be weird to claim Patrick's change in my name nor to add a  entry in his name. So I won't bother now, but perhaps the two of you should in fact maintain this  properly going forward.",
  "emotion":{
    "document":{
      "emotion":{
        "anger":0.09279,
        "disgust":0.03102,
        "fear":0.079145,
        "joy":0.096618,
        "sadness":0.396783
      }
    }
  },
  "info":{
    "issue":107,
    "owner":"lkrg-org",
    "repository":"lkrg",
    "user":"solardiz"
  },
  "language":"en",
  "usage":{
    "features":1,
    "text_characters":215,
    "text_units":1
  }
}