{
  "analyzed_text":"> think we need to somehow avoid tail call optimization in LKRG when using ..I've just tried adding:....or:....or even adding a ..right after the known problematic calls and before the end of the calling function, but somehow this didn't make a difference. So either this didn't prevent the optimization (I think at least the first one of these was actually insufficient, but a  certainly should have?) or my understanding is wrong. I did this test on GitHub Actions, so do not have a copy of the compiled code to check.",
  "emotion":{
    "document":{
      "emotion":{
        "anger":0.222062,
        "disgust":0.016921,
        "fear":0.148228,
        "joy":0.056985,
        "sadness":0.218023
      }
    }
  },
  "info":{
    "issue":181,
    "owner":"lkrg-org",
    "repository":"lkrg",
    "user":"solardiz"
  },
  "language":"en",
  "usage":{
    "features":1,
    "text_characters":520,
    "text_units":1
  }
}