{
  "analyzed_text":"@Adam-pi3 I'm not sure I'm reading the code right, but it appears that  is only set briefly and then reset back to 0, and maybe it is never even attempted to be set ( never called) when k[ret]probes are set (optimized to ftrace).",
  "emotion":{
    "document":{
      "emotion":{
        "anger":0.046411,
        "disgust":0.009646,
        "fear":0.052125,
        "joy":0.260106,
        "sadness":0.066578
      }
    }
  },
  "info":{
    "issue":87,
    "owner":"lkrg-org",
    "repository":"lkrg",
    "user":"solardiz"
  },
  "language":"en",
  "usage":{
    "features":1,
    "text_characters":229,
    "text_units":1
  }
}