{
  "analyzed_text":"@Adam-pi3 Your analysis looks sound to me, and I've tried what you suggested - and the result is unexpected. Instead of crashing elsewhere, everything just worked! Now we need to explain that...Experiment commit: link  run with the above: link",
  "emotion":{
    "document":{
      "emotion":{
        "anger":0.037434,
        "disgust":0.017158,
        "fear":0.132269,
        "joy":0.229828,
        "sadness":0.337513
      }
    }
  },
  "info":{
    "issue":174,
    "owner":"lkrg-org",
    "repository":"lkrg",
    "user":"solardiz"
  },
  "language":"en",
  "usage":{
    "features":1,
    "text_characters":243,
    "text_units":1
  }
}