{
  "analyzed_text":"BTW, our systemd service installation script is the only one where we call a directory a \"folder\". We should probably fix that...Also, now that same script installs . I think this is OK temporarily, but later this logic should probably be separated from systemd-specific installation.",
  "emotion":{
    "document":{
      "emotion":{
        "anger":0.295319,
        "disgust":0.008666,
        "fear":0.045404,
        "joy":0.075711,
        "sadness":0.541124
      }
    }
  },
  "info":{
    "issue":74,
    "owner":"lkrg-org",
    "repository":"lkrg",
    "user":"solardiz"
  },
  "language":"en",
  "usage":{
    "features":1,
    "text_characters":284,
    "text_units":1
  }
}