{
  "analyzed_text":"@vt-alt I'm sorry, I just didn't have enough time for everything needing my attention. Please don't feel discouraged. Your contribution is greatly appreciated and we'll proceed to try it out. For this, I intend to go ahead and merge it now, and then we'll see what's next. Thank you!",
  "emotion":{
    "document":{
      "emotion":{
        "anger":0.134683,
        "disgust":0.014313,
        "fear":0.088329,
        "joy":0.327536,
        "sadness":0.38568
      }
    }
  },
  "info":{
    "issue":61,
    "owner":"lkrg-org",
    "repository":"lkrg",
    "user":"solardiz"
  },
  "language":"en",
  "usage":{
    "features":1,
    "text_characters":283,
    "text_units":1
  }
}