{
  "analyzed_text":">  What about dropping this PR and i will push the changes directly to the main branch?..I don't mind...> The reason why is because when I changed the commit message (to fix #87 to #85) git is not happy. I changed that via ...That's puzzling. In what way is it not happy?",
  "emotion":{
    "document":{
      "emotion":{
        "anger":0.049071,
        "disgust":0.00868,
        "fear":0.035811,
        "joy":0.384845,
        "sadness":0.299969
      }
    }
  },
  "info":{
    "issue":89,
    "owner":"lkrg-org",
    "repository":"lkrg",
    "user":"solardiz"
  },
  "language":"en",
  "usage":{
    "features":1,
    "text_characters":271,
    "text_units":1
  }
}