{
  "analyzed_text":"I only meant testing of the changes that you actually intend to commit, but good to know. Thanks.",
  "emotion":{
    "document":{
      "emotion":{
        "anger":0.042696,
        "disgust":0.017578,
        "fear":0.067755,
        "joy":0.324937,
        "sadness":0.406893
      }
    }
  },
  "info":{
    "issue":125,
    "owner":"lkrg-org",
    "repository":"lkrg",
    "user":"solardiz"
  },
  "language":"en",
  "usage":{
    "features":1,
    "text_characters":97,
    "text_units":1
  }
}