{
  "analyzed_text":"It is well-known to us (and has been discussed on lkrg-users) that LKRG 0.8.1 doesn't build on Linux 5.8+. The README here hasn't been updated from that release - maybe we should be updating it with such knowledge - but then it also says the release was only tested until Linux 5.7 inclusive...For Linux 5.8+, you really absolutely have to use our latest code. We currently recommend that on older kernels as well.",
  "emotion":{
    "document":{
      "emotion":{
        "anger":0.031232,
        "disgust":0.025602,
        "fear":0.036335,
        "joy":0.201791,
        "sadness":0.523137
      }
    }
  },
  "info":{
    "issue":27,
    "owner":"lkrg-org",
    "repository":"lkrg",
    "user":"solardiz"
  },
  "language":"en",
  "usage":{
    "features":1,
    "text_characters":414,
    "text_units":1
  }
}