{
  "analyzed_text":"Just an update, I've ran into a regression when further testing the new branch - so it's not the proper solution. I've had cases where the old behavior was more accurate / closer to System Update...I now think this may be caused by System Update seeing a different EmbeddedController Version, possibly not getting it from WMI/CIM like I do.",
  "emotion":{
    "document":{
      "emotion":{
        "anger":0.02913,
        "disgust":0.015224,
        "fear":0.261396,
        "joy":0.089217,
        "sadness":0.285081
      }
    }
  },
  "info":{
    "issue":14,
    "owner":"jantari",
    "repository":"LSUClient",
    "user":"jantari"
  },
  "language":"en",
  "usage":{
    "features":1,
    "text_characters":340,
    "text_units":1
  }
}