{
  "analyzed_text":"Hm. Doesn't seem to like that. I get an error at boot to the effect of:\n\ntext'.\n Booting in blind mode\n`\n\nSomething is certainly hanging this up. Still working on it\n",
  "emotion":{
    "document":{
      "emotion":{
        "anger":0.134923,
        "disgust":0.024208,
        "fear":0.206038,
        "joy":0.267211,
        "sadness":0.346754
      }
    }
  },
  "info":{
    "issue":21,
    "owner":"SevenBits",
    "repository":"Mac-Linux-USB-Loader",
    "user":"ghost"
  },
  "language":"en",
  "usage":{
    "features":1,
    "text_characters":166,
    "text_units":1
  }
}