{
  "analyzed_text":"So I disabled everything but AMFI and I can enter the system tab, and the preference bundles don't load..EDIT: dockmate works perfectly on macOS Big Sur",
  "emotion":{
    "document":{
      "emotion":{
        "anger":0.031252,
        "disgust":0.027055,
        "fear":0.027075,
        "joy":0.070314,
        "sadness":0.680886
      }
    }
  },
  "info":{
    "issue":16,
    "owner":null,
    "repository":"MacForge",
    "user":"luixiuno"
  },
  "language":"en",
  "usage":{
    "features":1,
    "text_characters":152,
    "text_units":1
  }
}