{
  "analyzed_text":"Ok, let's test this for a bit then. :) cc @lcalaresu if you want to join",
  "emotion":{
    "document":{
      "emotion":{
        "anger":0.027806,
        "disgust":0.015258,
        "fear":0.209009,
        "joy":0.394205,
        "sadness":0.056583
      }
    }
  },
  "info":{
    "issue":326,
    "owner":"nextcloud",
    "repository":"mail",
    "user":"jancborchardt"
  },
  "language":"en",
  "usage":{
    "features":1,
    "text_characters":72,
    "text_units":1
  }
}