{
  "analyzed_text":"Yep. That’s one idea we could have in the sidebar. Folder-like filters in the sidebar which are simply saved searches for the most contacted people. :) The icon of the folder would be the avatar of that person.",
  "emotion":{
    "document":{
      "emotion":{
        "anger":0.053533,
        "disgust":0.039242,
        "fear":0.217273,
        "joy":0.528093,
        "sadness":0.056095
      }
    }
  },
  "info":{
    "issue":65,
    "owner":"nextcloud",
    "repository":"mail",
    "user":"jancborchardt"
  },
  "language":"en",
  "usage":{
    "features":1,
    "text_characters":210,
    "text_units":1
  }
}