{
  "analyzed_text":"### Steps to reproduce the problem..1. Run Mastodon locally using Vagrant instructions on README..### Expected behaviour..Local Mastodon is available at link like the instructions say..### Actual behaviour..The local instance appears to be running fine, but navigating to link in browser gives me blank page with no errors...### Specifications..Latest commit on master used: d3db2eb7fb17e94ace3fc648153f14178e707830.Browser: Firefox 95.0.1.OS: Ubuntu 21.10",
  "emotion":{
    "document":{
      "emotion":{
        "anger":0.077328,
        "disgust":0.012845,
        "fear":0.049854,
        "joy":0.07658,
        "sadness":0.419885
      }
    }
  },
  "info":{
    "issue":17241,
    "owner":"mastodon",
    "repository":"mastodon",
    "user":"markcellus"
  },
  "language":"en",
  "usage":{
    "features":1,
    "text_characters":456,
    "text_units":1
  }
}