{
  "analyzed_text":"This is generated via....however I am very wary of merging this before we sort out a way to redirect popular pages.",
  "emotion":{
    "document":{
      "emotion":{
        "anger":0.025065,
        "disgust":0.006125,
        "fear":0.074974,
        "joy":0.118166,
        "sadness":0.644265
      }
    }
  },
  "info":{
    "issue":23,
    "owner":"matplotlib",
    "repository":"matplotlib.github.com",
    "user":"tacaswell"
  },
  "language":"en",
  "usage":{
    "features":1,
    "text_characters":115,
    "text_units":1
  }
}