{
  "analyzed_text":"Ooops!  Apparently I didn't understand how os. walk worked? Assuming you hit all the files this way...",
  "emotion":{
    "document":{
      "emotion":{
        "anger":0.270135,
        "disgust":0.037399,
        "fear":0.153532,
        "joy":0.195775,
        "sadness":0.321526
      }
    }
  },
  "info":{
    "issue":49,
    "owner":"matplotlib",
    "repository":"matplotlib.github.com",
    "user":"jklymak"
  },
  "language":"en",
  "usage":{
    "features":1,
    "text_characters":102,
    "text_units":1
  }
}