{
  "analyzed_text":"systemd supports instantiation, e.g. ..systemd (with systemctl, journalctl) is standard tooling on most linux distributions. System administrators should be able to keep using the standard tools as much as possible. You still need standard tooling, e.g. cron. Or how would you replace those with docker-compose? Standard tooling is less complex than standard tooling + docker-compose...-1 for docker-compose.(+1 for podman or similar instead of/in addition to docker to get rid of dockerd)",
  "emotion":{
    "document":{
      "emotion":{
        "anger":0.066761,
        "disgust":0.094667,
        "fear":0.074971,
        "joy":0.36814,
        "sadness":0.332825
      }
    }
  },
  "info":{
    "issue":64,
    "owner":"spantaleev",
    "repository":"matrix-docker-ansible-deploy",
    "user":"ptman"
  },
  "language":"en",
  "usage":{
    "features":1,
    "text_characters":489,
    "text_units":1
  }
}