{
  "analyzed_text":"Hi. I would like to suggest on you to make MEGAsync available as flatpak package on FlatHub...Flatpak is universal Linux package that support almost all Linux distros, thus providing flatpak version of MEGAsync will make MEGAsync available in secure reliable way for almost all Linux users...Flatpak is sandbox by default & automatically updated in secure & convenient way. ..1. home page of FlatHub is:.    link FlatHub repositories are at:.    link when some one like to add package to FlatHub, she/he need to open PR at:.    link FlatHub differ from snap by being allow any one to package not only developers of packages. So packages on FlatHub are of 2 kinds regarding this point: some are packaged by their developers like RetroShare, while other are packaged by person other than their developers. So,.5. developers of MEGA themselves can package their Linux desktop application by themselves. This will be ideal..6. all packages on FlatHub are signed ......7. even if person other than the original developer(s) maintain the package on FlatHub, FlatHub team try as much as possible to make developer(s) authorized to repositories at least to monitor & follow up the packaging .......8. FlatHub allow both open & closed source packages. But regarding open source packages, the FlatHub team insisting on packager to make them deterministic (reproducible).",
  "emotion":{
    "document":{
      "emotion":{
        "anger":0.070988,
        "disgust":0.016767,
        "fear":0.077101,
        "joy":0.365678,
        "sadness":0.277333
      }
    }
  },
  "info":{
    "issue":479,
    "owner":"meganz",
    "repository":"MEGAsync",
    "user":"Nokia808"
  },
  "language":"en",
  "usage":{
    "features":1,
    "text_characters":1360,
    "text_units":1
  }
}