{
  "analyzed_text":"May I see your colliders setup for both character and cube?",
  "emotion":{
    "document":{
      "emotion":{
        "anger":0.099759,
        "disgust":0.018041,
        "fear":0.059497,
        "joy":0.67531,
        "sadness":0.115752
      }
    }
  },
  "info":{
    "issue":1133,
    "owner":"suriyun-production",
    "repository":"mmorpg-kit-docs",
    "user":"insthync"
  },
  "language":"en",
  "usage":{
    "features":1,
    "text_characters":59,
    "text_units":1
  }
}