{
  "analyzed_text":"Which version of Linux are you using?..As I try 18.04 it works properly but 20.04 not",
  "emotion":{
    "document":{
      "emotion":{
        "anger":0.05892,
        "disgust":0.009797,
        "fear":0.068028,
        "joy":0.096691,
        "sadness":0.705477
      }
    }
  },
  "info":{
    "issue":1341,
    "owner":"suriyun-production",
    "repository":"mmorpg-kit-docs",
    "user":"insthync"
  },
  "language":"en",
  "usage":{
    "features":1,
    "text_characters":85,
    "text_units":1
  }
}