{
  "analyzed_text":"Seems people are on it..I would like to help but I'm not a very good coder..I do get classes this year but its more focused on the VFX world...Learning .net and avalonia is something I have no time for..So I'm afraid I won't be of assistance...Maybe Qt and C++ is an option ?",
  "emotion":{
    "document":{
      "emotion":{
        "anger":0.00864,
        "disgust":0.005209,
        "fear":0.206456,
        "joy":0.309184,
        "sadness":0.089586
      }
    }
  },
  "info":{
    "issue":2687,
    "owner":"moneymanagerex",
    "repository":"moneymanagerex",
    "user":"NicTanghe"
  },
  "language":"en",
  "usage":{
    "features":1,
    "text_characters":275,
    "text_units":1
  }
}