{
  "analyzed_text":"# The GUI uses a dated framework..People are looking at remaking it..Currently considered is..- Avalonia a .NET core framework",
  "emotion":{
    "document":{
      "emotion":{
        "anger":0.011792,
        "disgust":0.076774,
        "fear":0.025342,
        "joy":0.648777,
        "sadness":0.157253
      }
    }
  },
  "info":{
    "issue":2687,
    "owner":"moneymanagerex",
    "repository":"moneymanagerex",
    "user":"NicTanghe"
  },
  "language":"en",
  "usage":{
    "features":1,
    "text_characters":126,
    "text_units":1
  }
}