{
  "analyzed_text":"@s-m-e I ended up releasing 0.4.0 while deactivating most of the Windows CI, as I still cannot repro the underlying issue but a new release was needed anyways for matplotlib 3.4 compatibility.",
  "emotion":{
    "document":{
      "emotion":{
        "anger":0.024714,
        "disgust":0.005561,
        "fear":0.060183,
        "joy":0.179898,
        "sadness":0.250726
      }
    }
  },
  "info":{
    "issue":28,
    "owner":"matplotlib",
    "repository":"mplcairo",
    "user":"anntzer"
  },
  "language":"en",
  "usage":{
    "features":1,
    "text_characters":192,
    "text_units":1
  }
}