{
  "analyzed_text":"Can you try building & installing a package from source?  (clone the repo and )",
  "emotion":{
    "document":{
      "emotion":{
        "anger":0.042114,
        "disgust":0.074045,
        "fear":0.141367,
        "joy":0.33502,
        "sadness":0.278088
      }
    }
  },
  "info":{
    "issue":18,
    "owner":"matplotlib",
    "repository":"mplcairo",
    "user":"anntzer"
  },
  "language":"en",
  "usage":{
    "features":1,
    "text_characters":79,
    "text_units":1
  }
}