{
  "analyzed_text":"@nickyfoto Is this still an issue for you?  Did you try what @greglucas proposed?",
  "emotion":{
    "document":{
      "emotion":{
        "anger":0.095785,
        "disgust":0.049901,
        "fear":0.101926,
        "joy":0.187419,
        "sadness":0.280571
      }
    }
  },
  "info":{
    "issue":18,
    "owner":"matplotlib",
    "repository":"mplcairo",
    "user":"anntzer"
  },
  "language":"en",
  "usage":{
    "features":1,
    "text_characters":81,
    "text_units":1
  }
}