{
  "analyzed_text":"Unfortunately on Windows 10 with 288 DPI I think Bomi GUI is not working, so I cannot examine it.",
  "emotion":{
    "document":{
      "emotion":{
        "anger":0.025853,
        "disgust":0.014286,
        "fear":0.040344,
        "joy":0.583802,
        "sadness":0.165255
      }
    }
  },
  "info":{
    "issue":5500,
    "owner":"mpv-player",
    "repository":"mpv",
    "user":"stax76"
  },
  "language":"en",
  "usage":{
    "features":1,
    "text_characters":97,
    "text_units":1
  }
}