{
  "analyzed_text":"A right click menu would make a simple GUI, but still requires a GUI framework on Linux. Unless we do it ourselves (in ASS?), which would be complicated again. I agree it's probably a good way to bring a lot of GUI-like functionality to mpv CLI, but on the other hand it furthers the \"pretend being a GUI\" issue. Anyway, if someone has a good Lua script for this, we could consider including it as builtin...Splitting cplayer would not make that much sense, because the libmpv API uses a lot of cplayer functionality. Even the CLI output and the status line can be helpful for debugging libmpv things. This is just a consequences from the fact that mpv originated as CLI only application that was later turned into a library...I don't really get those Retroarch ideas. Isn't it a game emulator frontend? How does that make it a good fit for a media player GUI?",
  "emotion":{
    "document":{
      "emotion":{
        "anger":0.092822,
        "disgust":0.040567,
        "fear":0.069893,
        "joy":0.297622,
        "sadness":0.25247
      }
    }
  },
  "info":{
    "issue":5500,
    "owner":"mpv-player",
    "repository":"mpv",
    "user":"ghost"
  },
  "language":"en",
  "usage":{
    "features":1,
    "text_characters":860,
    "text_units":1
  }
}