{
  "analyzed_text":"This link still works for me:\n\nlink\n\nshows \"Microsoft Build Tools 2015 Update 3\"\n\nHowever, it did redirect me to a \"beta\" website which I had to click \"Exit\" from and then navigate back to the link.\n\nDirect download link: link\n",
  "emotion":{
    "document":{
      "emotion":{
        "anger":0.030972,
        "disgust":0.017422,
        "fear":0.11096,
        "joy":0.338792,
        "sadness":0.31014
      }
    }
  },
  "info":{
    "issue":480,
    "owner":"dotnet",
    "repository":"msbuild",
    "user":"DanTup"
  },
  "language":"en",
  "usage":{
    "features":1,
    "text_characters":227,
    "text_units":1
  }
}