{
  "analyzed_text":"I found the link from this page:\n\nlink\n\nIt's under \"Related releases\" labelled \"Microsoft Build Tools 2015 Update 2\" :)\n",
  "emotion":{
    "document":{
      "emotion":{
        "anger":0.0424,
        "disgust":0.028675,
        "fear":0.080881,
        "joy":0.276181,
        "sadness":0.26056
      }
    }
  },
  "info":{
    "issue":480,
    "owner":"dotnet",
    "repository":"msbuild",
    "user":"DanTup"
  },
  "language":"en",
  "usage":{
    "features":1,
    "text_characters":120,
    "text_units":1
  }
}