{
  "analyzed_text":"@1000101 do you know if the fix ever made the mainnet API? I'm seeing broken images on cnft.io that seem to be because the last few characters of the URL is missing (the ones that would be in the second part of the string) but I'm not sure if it's the same API bug, or if cnft.io are interpreting the raw data and incorrectly building the URL.",
  "emotion":{
    "document":{
      "emotion":{
        "anger":0.047459,
        "disgust":0.204306,
        "fear":0.064399,
        "joy":0.150817,
        "sadness":0.351803
      }
    }
  },
  "info":{
    "issue":52,
    "owner":null,
    "repository":"nami-wallet",
    "user":"DanTup"
  },
  "language":"en",
  "usage":{
    "features":1,
    "text_characters":343,
    "text_units":1
  }
}