{
  "analyzed_text":"Awesome, that looks good! Just a few details for now:..- The buttons should be specific, not all \"Get Nextcloud\". Rather \"Install Nextcloud server\", \"Download Nextcloud for desktop\", \"Get Nextcloud mobile apps\".- For the mobile apps, I would directly put the app store badges directly linked to the store. That's what people immediately get..- Similar for the desktop app, we should show grey icons for the supported platforms between the text and the button.",
  "emotion":{
    "document":{
      "emotion":{
        "anger":0.030266,
        "disgust":0.006498,
        "fear":0.018742,
        "joy":0.455277,
        "sadness":0.361326
      }
    }
  },
  "info":{
    "issue":434,
    "owner":"nextcloud",
    "repository":"nextcloud.com",
    "user":"jancborchardt"
  },
  "language":"en",
  "usage":{
    "features":1,
    "text_characters":459,
    "text_units":1
  }
}