{
  "analyzed_text":"And regarding the installation popup – maybe something for later, but the mess of information is really crazy here.\n- veryfying via MD5 and PGP is just optional, not necessary steps\n- all the info has the same font-size, making it confusing\n\nThe important info should be pulled out of the popup, and all the less important stuff can be kept in there:\n- have the »Download« button on the main install page actually directly download the package (just use either tar.bz2 or zip, I don’t care which but choose _only one_)\n- have a »Documentation« button next to that download button\n- have a »Details…« text below the buttons which opens the popup with all that extra window\n",
  "emotion":{
    "document":{
      "emotion":{
        "anger":0.050884,
        "disgust":0.018905,
        "fear":0.133177,
        "joy":0.137802,
        "sadness":0.427661
      }
    }
  },
  "info":{
    "issue":25,
    "owner":"nextcloud",
    "repository":"nextcloud.com",
    "user":"jancborchardt"
  },
  "language":"en",
  "usage":{
    "features":1,
    "text_characters":672,
    "text_units":1
  }
}