{
  "analyzed_text":"@jospoortvliet sorry, I should have been specific. With logos in monochrome I meant that they should be a single color – white in this case – not greyscale. This would work very well on the blue...See e.g. on link where the customer logos are single color too, in their case one flat grey.",
  "emotion":{
    "document":{
      "emotion":{
        "anger":0.056015,
        "disgust":0.024868,
        "fear":0.029453,
        "joy":0.41522,
        "sadness":0.265503
      }
    }
  },
  "info":{
    "issue":1141,
    "owner":"nextcloud",
    "repository":"nextcloud.com",
    "user":"jancborchardt"
  },
  "language":"en",
  "usage":{
    "features":1,
    "text_characters":289,
    "text_units":1
  }
}