{
  "analyzed_text":"Hmm, so looking at the screenshots, the previous version seems to work a bit better, no?.- It has less text and is thus clearer.- The core things are more visible directly, especially on desktop.- The 1-2-3 is not really so visible, and doesn’t look like a process since .- Not sure after all if the install page is the right place to promote the different apps. Cause a lot are now installed with Hub. What we could do is have that show post-download, so it’s really incremental?.- Visually looks better cause there are no long text lines.- Has icons to quickly communicate the use of the specific section..A specific issue which I saw previously when watching people use the install page is that e.g. they would download the server package to their desktop and think this would be the Nextcloud app. This is one of the core issues we need to wrangle cause the rest is exactly the same as with other proprietary platforms..A possible solution there would be for example to focus on the Mobile & desktop apps with perhaps 2 columns, and then put the server _below_. Cause people who know about self-hosting will see that all over, and can see it there, but also in the setup dialogs of the mobile and desktop clients. In the download/install section we could focus on mobile & desktop thus...I still think the main improvement we need to make on the install page is make it more direct and super obvious – and that needs some type of imagery: screenshots, illustrations or icons. E.g. look at link so dead-simple and straightforward, and it takes into account the system you are accessing it from.",
  "emotion":{
    "document":{
      "emotion":{
        "anger":0.101728,
        "disgust":0.008513,
        "fear":0.038824,
        "joy":0.252549,
        "sadness":0.273528
      }
    }
  },
  "info":{
    "issue":1378,
    "owner":"nextcloud",
    "repository":"nextcloud.com",
    "user":"jancborchardt"
  },
  "language":"en",
  "usage":{
    "features":1,
    "text_characters":1597,
    "text_units":1
  }
}