{
  "analyzed_text":"Having M110 needing to be sent with the correct line number in order to\nreset it is useless. The whole reason for resetting it is to start from a\nknown line number when the two ends have got out of sync due to one being\nreset and not the other.\n\nThe NIST gcode standard is a file format. RepRap hijacked it and added OK\nreplies and line numbers and checksums in order to turn it into a\ncommunication protocol. It doesn't really work though because the OK is\nsent after a random delay that can be minutes, so it is impossible to set a\nsensible time out.\n\nOn 2 March 2016 at 08:31, Mark Walker notifications@github.com wrote:\n\n> Does that wiki page bear any resemblance to any of those other standards\n> you mention? I think not. That wiki page just isn't up to the task. And 3d\n> printing is sufficiently different and Usage has drifted so far to make\n> references to the NIST standard for CNC fairly useless too. There should be\n> a standard, there is not currently. And when there is, I propose that your\n> firmware has a bug.\n> \n> —\n> Reply to this email directly or view it on GitHub\n> link\n",
  "emotion":{
    "document":{
      "emotion":{
        "anger":0.108002,
        "disgust":0.040951,
        "fear":0.098409,
        "joy":0.242374,
        "sadness":0.320317
      }
    }
  },
  "info":{
    "issue":1249,
    "owner":"OctoPrint",
    "repository":"OctoPrint",
    "user":"nophead"
  },
  "language":"en",
  "usage":{
    "features":1,
    "text_characters":1094,
    "text_units":1
  }
}