{
  "analyzed_text":"Yes much faster than me and more thorough. \n\nWithout flush it was the same as OctoPrint, around 10ms per cycle with about 6ms latency.\n\n![upload png](link\n\nWith flush it is three times slower, no idea why.\n![flush png](link\n\nThen I removed the print statements and the latency dropped to about 1.2ms without flush.\n![noprint png](link\n\nWith flush it is still much slower.\n![noprint_flush png](link\n",
  "emotion":{
    "document":{
      "emotion":{
        "anger":0.066595,
        "disgust":0.027464,
        "fear":0.081602,
        "joy":0.297312,
        "sadness":0.351529
      }
    }
  },
  "info":{
    "issue":450,
    "owner":"OctoPrint",
    "repository":"OctoPrint",
    "user":"nophead"
  },
  "language":"en",
  "usage":{
    "features":1,
    "text_characters":398,
    "text_units":1
  }
}