{
  "analyzed_text":"@AnXh3L0 @dmichl @evalica @ei8fdb any idea here? :)",
  "emotion":{
    "document":{
      "emotion":{
        "anger":0.039344,
        "disgust":0.061446,
        "fear":0.10121,
        "joy":0.54569,
        "sadness":0.061275
      }
    }
  },
  "info":{
    "issue":182,
    "owner":"opensourcedesign",
    "repository":"opensourcedesign.github.io",
    "user":"jancborchardt"
  },
  "language":"en",
  "usage":{
    "features":1,
    "text_characters":51,
    "text_units":1
  }
}