{
  "analyzed_text":"So I really like the mockup! :)..My only big point about it is – since you also mentioned the manifesto – that I would directly show the manifesto on the main page, not only the headings. It’s only 7 points, so 4 columns 2 rows works, the layout like the \"Get involved\" section. And we can have an icon for each principle...Otherwise super nice!",
  "emotion":{
    "document":{
      "emotion":{
        "anger":0.043545,
        "disgust":0.163053,
        "fear":0.179019,
        "joy":0.522488,
        "sadness":0.055681
      }
    }
  },
  "info":{
    "issue":242,
    "owner":"opensourcedesign",
    "repository":"opensourcedesign.github.io",
    "user":"jancborchardt"
  },
  "language":"en",
  "usage":{
    "features":1,
    "text_characters":345,
    "text_units":1
  }
}