{
  "analyzed_text":"What would be in the documents in that case @awalter-bnl ? ..If we bake 'bec' into the documents, would we also start baking information about other callbacks in too? ..One advantage of the 'interest' level is that when re-processing the data you could push the stream through with varying threshold on BEC (imagine a thumb-nail generator that only uses the highest interest that presents as a web page that when you click in gives you a table + plots at a 'middle' interest and a 'more' link that takes you to a page with BEC run with a threshold of 0 or a GUI with a couple of sliders that auto re-generates the plots/hides columns of tables).",
  "emotion":{
    "document":{
      "emotion":{
        "anger":0.034019,
        "disgust":0.121337,
        "fear":0.10504,
        "joy":0.500416,
        "sadness":0.067387
      }
    }
  },
  "info":{
    "issue":577,
    "owner":"bluesky",
    "repository":"ophyd",
    "user":"tacaswell"
  },
  "language":"en",
  "usage":{
    "features":1,
    "text_characters":645,
    "text_units":1
  }
}