{
  "analyzed_text":"Mmm... conflict on output file... nice...I suppose that's because I left this stale for too long and there's changes to the gh-pages branch before this...(resolved conflict)",
  "emotion":{
    "document":{
      "emotion":{
        "anger":0.14254,
        "disgust":0.023444,
        "fear":0.15185,
        "joy":0.241019,
        "sadness":0.299083
      }
    }
  },
  "info":{
    "issue":106,
    "owner":"McSinyx",
    "repository":"palace",
    "user":"Huy-Ngo"
  },
  "language":"en",
  "usage":{
    "features":1,
    "text_characters":173,
    "text_units":1
  }
}