{
  "analyzed_text":"This is still possible but  not directly on the page it gets cached by nginx then executes when any nginx action is preformmed..with this... ..![no](link is ...URL Encoded..then..HTML `Encoded....",
  "emotion":{
    "document":{
      "emotion":{
        "anger":0.055747,
        "disgust":0.026181,
        "fear":0.0849,
        "joy":0.233347,
        "sadness":0.279271
      }
    }
  },
  "info":{
    "issue":795,
    "owner":"pH7Software",
    "repository":"pH7-Social-Dating-CMS",
    "user":"Undefined-Variables"
  },
  "language":"en",
  "usage":{
    "features":1,
    "text_characters":196,
    "text_units":1
  }
}