{
  "analyzed_text":"@polynamaude Why is this not already in place here then? ",
  "emotion":{
    "document":{
      "emotion":{
        "anger":0.061249,
        "disgust":0.098667,
        "fear":0.113907,
        "joy":0.241379,
        "sadness":0.101665
      }
    }
  },
  "info":{
    "issue":795,
    "owner":"pH7Software",
    "repository":"pH7-Social-Dating-CMS",
    "user":"Undefined-Variables"
  },
  "language":"en",
  "usage":{
    "features":1,
    "text_characters":57,
    "text_units":1
  }
}