{
  "analyzed_text":"I have VS on here but thats for microsoft C, C++ isn't it? I am downloading atom now, I started with notepad and when I found komodo I thought that was amazing so never looked for another one. Komodo helps with html/css but not PHP it just highlights",
  "emotion":{
    "document":{
      "emotion":{
        "anger":0.102813,
        "disgust":0.013396,
        "fear":0.112991,
        "joy":0.56024,
        "sadness":0.181812
      }
    }
  },
  "info":{
    "issue":582,
    "owner":"pH7Software",
    "repository":"pH7-Social-Dating-CMS",
    "user":"Undefined-Variables"
  },
  "language":"en",
  "usage":{
    "features":1,
    "text_characters":250,
    "text_units":1
  }
}