{
  "analyzed_text":"@ph7ali You can post some screenshot. This would be more useful than just saying you get error.",
  "emotion":{
    "document":{
      "emotion":{
        "anger":0.097077,
        "disgust":0.027131,
        "fear":0.086575,
        "joy":0.185938,
        "sadness":0.48289
      }
    }
  },
  "info":{
    "issue":773,
    "owner":"pH7Software",
    "repository":"pH7-Social-Dating-CMS",
    "user":"polynamaude"
  },
  "language":"en",
  "usage":{
    "features":1,
    "text_characters":95,
    "text_units":1
  }
}