{
  "analyzed_text":"@polynamaude I take that back. You are correct I was wrong, my 3rd party software faith has been tested lately and I let that fuel my comment.",
  "emotion":{
    "document":{
      "emotion":{
        "anger":0.037647,
        "disgust":0.026162,
        "fear":0.088193,
        "joy":0.212579,
        "sadness":0.270891
      }
    }
  },
  "info":{
    "issue":771,
    "owner":"pH7Software",
    "repository":"pH7-Social-Dating-CMS",
    "user":"Undefined-Variables"
  },
  "language":"en",
  "usage":{
    "features":1,
    "text_characters":142,
    "text_units":1
  }
}