{
  "analyzed_text":"Sorry guys I have been super busy! I still don't see a solution to this so will have a proper look today! ",
  "emotion":{
    "document":{
      "emotion":{
        "anger":0.140481,
        "disgust":0.025147,
        "fear":0.077267,
        "joy":0.357639,
        "sadness":0.307416
      }
    }
  },
  "info":{
    "issue":795,
    "owner":"pH7Software",
    "repository":"pH7-Social-Dating-CMS",
    "user":"Undefined-Variables"
  },
  "language":"en",
  "usage":{
    "features":1,
    "text_characters":106,
    "text_units":1
  }
}