{
  "analyzed_text":"like wise\n\nOn Mon, Jul 29, 2019 at 5:41 AM Polyna-Maude R.-Summerside <\nnotifications@github.com> wrote:\n\n> @Undefined-Variables <link For now you\n> are being blocked and reported to gitHub.\n>\n> —\n> You are receiving this because you were mentioned.\n> Reply to this email directly, view it on GitHub\n> <link\n> or mute the thread\n> <link\n> .\n>\n",
  "emotion":{
    "document":{
      "emotion":{
        "anger":0.105369,
        "disgust":0.010323,
        "fear":0.068973,
        "joy":0.4077,
        "sadness":0.241828
      }
    }
  },
  "info":{
    "issue":595,
    "owner":"pH7Software",
    "repository":"pH7-Social-Dating-CMS",
    "user":"Undefined-Variables"
  },
  "language":"en",
  "usage":{
    "features":1,
    "text_characters":343,
    "text_units":1
  }
}