{
  "analyzed_text":"> I will have a look later when I have time. This is **_free_** support so please allow some time..> .> Anyone who is happy to disclose their email addresses will have it displayed on their GitHub profile...Free !? Gimmy Gimmy Gimmy free stuff so I can abuse......Is it free as in \"Meth ain't free ?\" (Unless you're a girl and don't have problem with getting down on your knees)",
  "emotion":{
    "document":{
      "emotion":{
        "anger":0.10161,
        "disgust":0.045821,
        "fear":0.114648,
        "joy":0.241075,
        "sadness":0.335038
      }
    }
  },
  "info":{
    "issue":812,
    "owner":"pH7Software",
    "repository":"pH7-Social-Dating-CMS",
    "user":"polynamaude"
  },
  "language":"en",
  "usage":{
    "features":1,
    "text_characters":378,
    "text_units":1
  }
}