{
  "analyzed_text":"I you are interested these are the other 2..link .link place needs PM's ",
  "emotion":{
    "document":{
      "emotion":{
        "anger":0.02818,
        "disgust":0.033385,
        "fear":0.117281,
        "joy":0.457255,
        "sadness":0.130371
      }
    }
  },
  "info":{
    "issue":595,
    "owner":"pH7Software",
    "repository":"pH7-Social-Dating-CMS",
    "user":"Undefined-Variables"
  },
  "language":"en",
  "usage":{
    "features":1,
    "text_characters":72,
    "text_units":1
  }
}