{
  "analyzed_text":"FYI, the variables starting by HTTP are set by the client and can't be trusted.\n\nMaybe you need to refresh some skills !\n\nOn October 26, 2018 7:40:31 AM EDT, Ruben Barkow <notifications@github.com> wrote:\n>HTTP_HOST i would be the correct variable\n>\n>-- \n>You are receiving this because you commented.\n>Reply to this email directly or view it on GitHub:\n>link\n\n-- \nPolyna-Maude R.-Summerside",
  "emotion":{
    "document":{
      "emotion":{
        "anger":0.058082,
        "disgust":0.01402,
        "fear":0.059073,
        "joy":0.393243,
        "sadness":0.2491
      }
    }
  },
  "info":{
    "issue":337,
    "owner":"pH7Software",
    "repository":"pH7-Social-Dating-CMS",
    "user":"polynamaude"
  },
  "language":"en",
  "usage":{
    "features":1,
    "text_characters":391,
    "text_units":1
  }
}