{
  "analyzed_text":"@CooperAshley2 Like I already mentionned on another post (link You can search through the whole source code by using the **_fgrep_** command. Look for the word _subscription_ and replace it by _membership_ in the template files found...You shoud try to do some research on your own before asking out questions. We are all volunteer and have precious spare time. It's nice to see interest in our CMS software but we can't just take people by the hand to build their own web site...The CMS is based on the MVC architectures with a easy to follow source tree. All the modules have a folder with the templates. Look into **__protected/app/system/modules/payment/views/base/tpl/main_** and you'll find what you looked for...PM",
  "emotion":{
    "document":{
      "emotion":{
        "anger":0.18094,
        "disgust":0.011428,
        "fear":0.053804,
        "joy":0.39558,
        "sadness":0.151736
      }
    }
  },
  "info":{
    "issue":545,
    "owner":"pH7Software",
    "repository":"pH7-Social-Dating-CMS",
    "user":"polynamaude"
  },
  "language":"en",
  "usage":{
    "features":1,
    "text_characters":721,
    "text_units":1
  }
}