{
  "analyzed_text":"and so offten cos the link keeps changing to cxxxboxxxxxservices.com",
  "emotion":{
    "document":{
      "emotion":{
        "anger":0.099203,
        "disgust":0.028251,
        "fear":0.108974,
        "joy":0.3728,
        "sadness":0.150756
      }
    }
  },
  "info":{
    "issue":595,
    "owner":"pH7Software",
    "repository":"pH7-Social-Dating-CMS",
    "user":"Undefined-Variables"
  },
  "language":"en",
  "usage":{
    "features":1,
    "text_characters":68,
    "text_units":1
  }
}