{
  "analyzed_text":"Copy and paste your   and your  files here. This is down to server misconfiguration as nothing is working in the admin panel either.  I cant do anything. ",
  "emotion":{
    "document":{
      "emotion":{
        "anger":0.08857,
        "disgust":0.021495,
        "fear":0.059156,
        "joy":0.165878,
        "sadness":0.509785
      }
    }
  },
  "info":{
    "issue":750,
    "owner":"pH7Software",
    "repository":"pH7-Social-Dating-CMS",
    "user":"Undefined-Variables"
  },
  "language":"en",
  "usage":{
    "features":1,
    "text_characters":154,
    "text_units":1
  }
}