{
  "analyzed_text":"that ht rule has not fixed it from going to other domain",
  "emotion":{
    "document":{
      "emotion":{
        "anger":0.051285,
        "disgust":0.193722,
        "fear":0.037704,
        "joy":0.130179,
        "sadness":0.126693
      }
    }
  },
  "info":{
    "issue":595,
    "owner":"pH7Software",
    "repository":"pH7-Social-Dating-CMS",
    "user":"Undefined-Variables"
  },
  "language":"en",
  "usage":{
    "features":1,
    "text_characters":56,
    "text_units":1
  }
}