{
  "analyzed_text":"You never asked me to give you a star!!! And don't ruin xmas for me I still believe LMFAO",
  "emotion":{
    "document":{
      "emotion":{
        "anger":0.148028,
        "disgust":0.055258,
        "fear":0.045037,
        "joy":0.46362,
        "sadness":0.112486
      }
    }
  },
  "info":{
    "issue":605,
    "owner":"pH7Software",
    "repository":"pH7-Social-Dating-CMS",
    "user":"Undefined-Variables"
  },
  "language":"en",
  "usage":{
    "features":1,
    "text_characters":89,
    "text_units":1
  }
}