{
  "analyzed_text":"Hi,.I found some small error in the french langage file (mainly some mistake between %site name de% and %site name%). I fixed them, created a fork over my github account, created a branch and pushed the correction...Is that the way to do?..I found out some deeper error that look more like translation that got made from someone who doesn't speak french from the childhood as those are the same I see quite often. For example I saw the English sentence saying :.Be on the best place to meet people!.French:.Soyez le meilleur endroit pour rencontrer des personnes!.Which would translate to.Be the best place to meet people!.So the good way of saying it should be:.Soyez à la meilleur place pour rencontrer des personnes!.or.Soyez au meilleur endroit pour rencontrer des personnes !..Nothing really of a big problem, already did quite some of the changes..I'll give them a fix to finish during the week. Just wanted to know how to get others to benefit !..Also there was some tricky with the SQL file that some table name changed so I fixed them up too. You can see that by looking at my repo/fork link",
  "emotion":{
    "document":{
      "emotion":{
        "anger":0.042868,
        "disgust":0.01757,
        "fear":0.136335,
        "joy":0.233855,
        "sadness":0.377908
      }
    }
  },
  "info":{
    "issue":180,
    "owner":"pH7Software",
    "repository":"pH7-Social-Dating-CMS",
    "user":"polynamaude"
  },
  "language":"en",
  "usage":{
    "features":1,
    "text_characters":1100,
    "text_units":1
  }
}