{
  "analyzed_text":"@Undefined-Variables Maybe I wasn't clear enough.....Do you really think such a long running issue has any use for other to see ?.I think you shall go onto a social network or open you own slack channel ;-)",
  "emotion":{
    "document":{
      "emotion":{
        "anger":0.068855,
        "disgust":0.043419,
        "fear":0.088227,
        "joy":0.030329,
        "sadness":0.33712
      }
    }
  },
  "info":{
    "issue":667,
    "owner":"pH7Software",
    "repository":"pH7-Social-Dating-CMS",
    "user":"polynamaude"
  },
  "language":"en",
  "usage":{
    "features":1,
    "text_characters":206,
    "text_units":1
  }
}