{
  "analyzed_text":"and that's quite obvious you can hardly do so..do you always have to put the dig in there? I have a fucked keybord on this laptop",
  "emotion":{
    "document":{
      "emotion":{
        "anger":0.242324,
        "disgust":0.122755,
        "fear":0.155926,
        "joy":0.104263,
        "sadness":0.14283
      }
    }
  },
  "info":{
    "issue":595,
    "owner":"pH7Software",
    "repository":"pH7-Social-Dating-CMS",
    "user":"Undefined-Variables"
  },
  "language":"en",
  "usage":{
    "features":1,
    "text_characters":129,
    "text_units":1
  }
}