{
  "analyzed_text":"@NitWitPea I'll make it simple....I don't know on what infrastructure you are running and all the where abouts of your configurations..You don't seem to have the knowledge to understand that if you want to get helped then you have to do your part too, for example don't wait until we ask you but share your logs...That'a what any experienced developer would do, at the least...And yes, part of troubleshooting involve trying on multiple platform. So two or three server is pretty much nothing.. ",
  "emotion":{
    "document":{
      "emotion":{
        "anger":0.038497,
        "disgust":0.007078,
        "fear":0.037309,
        "joy":0.238009,
        "sadness":0.448709
      }
    }
  },
  "info":{
    "issue":697,
    "owner":"pH7Software",
    "repository":"pH7-Social-Dating-CMS",
    "user":"polynamaude"
  },
  "language":"en",
  "usage":{
    "features":1,
    "text_characters":495,
    "text_units":1
  }
}