{
  "analyzed_text":"Solved this problem. ..cURL standalone installation && php-curl extension both have to be installed on the server and PHP version must be 7.3 or cURL breaks! ..All working lovely again :)  ",
  "emotion":{
    "document":{
      "emotion":{
        "anger":0.025034,
        "disgust":0.004799,
        "fear":0.146493,
        "joy":0.483585,
        "sadness":0.384766
      }
    }
  },
  "info":{
    "issue":697,
    "owner":"pH7Software",
    "repository":"pH7-Social-Dating-CMS",
    "user":"Undefined-Variables"
  },
  "language":"en",
  "usage":{
    "features":1,
    "text_characters":189,
    "text_units":1
  }
}