{
  "analyzed_text":"@Undefined-Variables Go out and get the \"ADA Lovelace\" tutorial. Install a distribution with GPS... (Ubuntu has it and so does Windows from the Ada Core Technology)..You'll learn a great deal of the good basis of programming, how to structure code and algorithm. ",
  "emotion":{
    "document":{
      "emotion":{
        "anger":0.142836,
        "disgust":0.015975,
        "fear":0.062672,
        "joy":0.35973,
        "sadness":0.156836
      }
    }
  },
  "info":{
    "issue":744,
    "owner":"pH7Software",
    "repository":"pH7-Social-Dating-CMS",
    "user":"polynamaude"
  },
  "language":"en",
  "usage":{
    "features":1,
    "text_characters":263,
    "text_units":1
  }
}