{
  "analyzed_text":"I can't answer that with any certainty. Hopefully not but if it does you know how to fix it now.",
  "emotion":{
    "document":{
      "emotion":{
        "anger":0.086535,
        "disgust":0.027624,
        "fear":0.084941,
        "joy":0.153613,
        "sadness":0.485561
      }
    }
  },
  "info":{
    "issue":649,
    "owner":"pH7Software",
    "repository":"pH7-Social-Dating-CMS",
    "user":"Undefined-Variables"
  },
  "language":"en",
  "usage":{
    "features":1,
    "text_characters":96,
    "text_units":1
  }
}