{
  "analyzed_text":"Because you retain ownership of and responsibility for Your Content, we need you to grant us — and other GitHub Users — certain legal permissions, listed in Sections D.4 — D.7. These license grants apply to Your Content. .",
  "emotion":{
    "document":{
      "emotion":{
        "anger":0.033726,
        "disgust":0.019933,
        "fear":0.044176,
        "joy":0.481534,
        "sadness":0.315057
      }
    }
  },
  "info":{
    "issue":595,
    "owner":"pH7Software",
    "repository":"pH7-Social-Dating-CMS",
    "user":"Undefined-Variables"
  },
  "language":"en",
  "usage":{
    "features":1,
    "text_characters":222,
    "text_units":1
  }
}