{
  "analyzed_text":"Oh okay. I never trust links so always open them using Tor so might be due to that. ..@szimmath This issue can normally be solved by disabling the gzip cache by signing in to admin then go tools->cache settings and disable it there. If you cant get to this page via a browser open..    _protected/app/configs/config.ini ..and change the 1's to 0's on the cache settings. If this doesn't solve your issue please supply us with the requested info explained on the page that @polynamaude gave you the link to above.",
  "emotion":{
    "document":{
      "emotion":{
        "anger":0.071648,
        "disgust":0.017165,
        "fear":0.078079,
        "joy":0.150027,
        "sadness":0.381793
      }
    }
  },
  "info":{
    "issue":806,
    "owner":"pH7Software",
    "repository":"pH7-Social-Dating-CMS",
    "user":"Undefined-Variables"
  },
  "language":"en",
  "usage":{
    "features":1,
    "text_characters":512,
    "text_units":1
  }
}