{
  "analyzed_text":"thats an open invertation to ph7, poly and ron btw\n\nOn Wed, Jul 31, 2019 at 12:19 AM Rich Hiley <richie302302@gmail.com> wrote:\n\n> mate please dont push it, I thought you was cool until you turned on me\n> like that but I do understand more than you know and I am so not the type\n> to even look at law! I didn't mean what was said you know that right? come\n> talk on my site its less public\n>\n> On Wed, Jul 31, 2019 at 12:15 AM Rich Hiley <richie302302@gmail.com>\n> wrote:\n>\n>> turns out this youtube script was placed there during a hack from a\n>> chinese IP address so you are innocent and i retract my earlier statements\n>>\n>> This matter is closed!\n>>\n>> On Tue, Jul 30, 2019 at 8:15 PM rondlite <notifications@github.com>\n>> wrote:\n>>\n>>> Don't know exactly what you mean, I just use the free html5-chat with my\n>>> own account on there and I got my chat, with usernames, gender etc..\n>>>\n>>> clean the cache in /data/cache and see what happens when it is\n>>> regenerated\n>>>\n>>> —\n>>> You are receiving this because you were mentioned.\n>>> Reply to this email directly, view it on GitHub\n>>> <link\n>>> or mute the thread\n>>> <link\n>>> .\n>>>\n>>\n",
  "emotion":{
    "document":{
      "emotion":{
        "anger":0.09299,
        "disgust":0.026709,
        "fear":0.07935,
        "joy":0.415736,
        "sadness":0.22013
      }
    }
  },
  "info":{
    "issue":595,
    "owner":"pH7Software",
    "repository":"pH7-Social-Dating-CMS",
    "user":"Undefined-Variables"
  },
  "language":"en",
  "usage":{
    "features":1,
    "text_characters":1149,
    "text_units":1
  }
}