{
  "analyzed_text":"> > > @pH-7 Do you think running a forum specifically for the software would be beneficial to the software? Happy to host one if you think so. Its just this is about the 12th person who I've seen ask for it! Let me know.> > .> > .> > Hey @Undefined-Variables!.> > Sorry, I missed your question. Excellent idea! 🎉 I actually plan this one for years, but never got the time to do so..> > There was even a \"forum\" link in the \"Help\" menu of the admin panel, but it was never published.> > [51760f3#diff-5f87a902d133adbcad690c5b9220dfa7](link > If you create one, I will be glad to add your forum link in there..> > Concerning the forum solution, my plan was to use Flarum link (it's a great one!), but at the end of the day, the software you are the most comfortable with will be the best fit. It doesn't worth spending too much time looking for the \"right one\"....> > Till August 2017, I was using the Sourceforge Forum, but it wasn't great and it was quite hard to maintain it..> .> @pH-7 I have had a good talk with @polynamaude and she is keen to help and requested we use Joomla as she is at home using the cms and has many plugins/extensions that can be used. I didn't see any reason why not if she is able to create the important stuff I will then come behind and style it..> .> Went with ph7cms-forum.com btw..We are developers we can't use someone else's work for our forum :) We are building our own from square one ;) Well a Joomla square one...",
  "emotion":{
    "document":{
      "emotion":{
        "anger":0.04893,
        "disgust":0.009714,
        "fear":0.054954,
        "joy":0.527904,
        "sadness":0.164774
      }
    }
  },
  "info":{
    "issue":771,
    "owner":"pH7Software",
    "repository":"pH7-Social-Dating-CMS",
    "user":"Undefined-Variables"
  },
  "language":"en",
  "usage":{
    "features":1,
    "text_characters":1453,
    "text_units":1
  }
}