{
  "analyzed_text":"@Undefined-Variables I'm not talking about headers, cookie and such.\n\nThe error is random then use a fuzzing tool to supply hundreds of requests with data. Look where it fails and try to find some common ground to the errors raised.",
  "emotion":{
    "document":{
      "emotion":{
        "anger":0.133143,
        "disgust":0.026006,
        "fear":0.08758,
        "joy":0.091775,
        "sadness":0.379184
      }
    }
  },
  "info":{
    "issue":690,
    "owner":"pH7Software",
    "repository":"pH7-Social-Dating-CMS",
    "user":"polynamaude"
  },
  "language":"en",
  "usage":{
    "features":1,
    "text_characters":232,
    "text_units":1
  }
}