{
  "analyzed_text":"Found where its done and how... Super simple... There is nothing to hard or to challenging... The more it makes me think the better.......Then it updates db table..",
  "emotion":{
    "document":{
      "emotion":{
        "anger":0.028941,
        "disgust":0.029932,
        "fear":0.146288,
        "joy":0.479565,
        "sadness":0.219954
      }
    }
  },
  "info":{
    "issue":803,
    "owner":"pH7Software",
    "repository":"pH7-Social-Dating-CMS",
    "user":"Undefined-Variables"
  },
  "language":"en",
  "usage":{
    "features":1,
    "text_characters":164,
    "text_units":1
  }
}