{
  "analyzed_text":"@polynamaude I agree the question \"What do you do with the software\" is a good question to ask to make people feel part of something. ..Its great software as it stands but it could be AWESOME if the community all got more involved, just look at the life changing projects that are happening all over GitHub... This is mostly due to teamwork and great project leaders. We could make this truly magical if we all put our share in!",
  "emotion":{
    "document":{
      "emotion":{
        "anger":0.053929,
        "disgust":0.016218,
        "fear":0.02252,
        "joy":0.821346,
        "sadness":0.040344
      }
    }
  },
  "info":{
    "issue":803,
    "owner":"pH7Software",
    "repository":"pH7-Social-Dating-CMS",
    "user":"Undefined-Variables"
  },
  "language":"en",
  "usage":{
    "features":1,
    "text_characters":428,
    "text_units":1
  }
}