{
  "analyzed_text":"@Undefined-Variables Well that's pretty bad to do (backlinking)....You can get your extension removed and account banned if you do so on Joomla Extension Directory (JED)...Oh, your friend asked you a question about DOB... I think I answered him what you meant but he didn't understand what you said...",
  "emotion":{
    "document":{
      "emotion":{
        "anger":0.179754,
        "disgust":0.024055,
        "fear":0.124653,
        "joy":0.033116,
        "sadness":0.261397
      }
    }
  },
  "info":{
    "issue":744,
    "owner":"pH7Software",
    "repository":"pH7-Social-Dating-CMS",
    "user":"polynamaude"
  },
  "language":"en",
  "usage":{
    "features":1,
    "text_characters":301,
    "text_units":1
  }
}