{
  "analyzed_text":"@Undefined-Variables A repository is to hold a project. Not to make a repository for fun. Start by planning your project, learning how to do flow chart, use case and such.",
  "emotion":{
    "document":{
      "emotion":{
        "anger":0.028867,
        "disgust":0.008923,
        "fear":0.117054,
        "joy":0.554595,
        "sadness":0.271028
      }
    }
  },
  "info":{
    "issue":595,
    "owner":"pH7Software",
    "repository":"pH7-Social-Dating-CMS",
    "user":"polynamaude"
  },
  "language":"en",
  "usage":{
    "features":1,
    "text_characters":171,
    "text_units":1
  }
}