{
  "analyzed_text":"I'm using Chromium \"version 69.0.3497.100 (Official Build) Arch Linux\" (from the official Arch Linux repository). It's the open-source base for Google Chrome, so it's basically Chrome without the added DRM management and other tweaks by Google (don't know the details).  The user-agent advertises \"Chrome\" anyway. ..At first, I noticed that left clicking in the developer tools and then doing the shift+right click on the displayed picture actually works the first time only, subsequent tries don't work anymore...Anyway I found what caused the problem by using the debugger: another add-on ([linkclump](link was catching the mousedown event + shift or something, and probably stopped propagation (I don't know javascript very well, sorry). It works after I disabled that add-on...Suggestion: how about making this custom menu active only on shift+right click instead? ",
  "emotion":{
    "document":{
      "emotion":{
        "anger":0.08084,
        "disgust":0.100952,
        "fear":0.057522,
        "joy":0.157253,
        "sadness":0.202843
      }
    }
  },
  "info":{
    "issue":1,
    "owner":"ppixiv",
    "repository":"ppixiv",
    "user":"glubsy"
  },
  "language":"en",
  "usage":{
    "features":1,
    "text_characters":869,
    "text_units":1
  }
}