{
  "analyzed_text":"@kevinSuttle are you dense? The page I linked has over 20 providers, why would they list them all on the main page?\n\n[prxbx.com/email](link\n",
  "emotion":{
    "document":{
      "emotion":{
        "anger":0.071215,
        "disgust":0.019431,
        "fear":0.10148,
        "joy":0.078417,
        "sadness":0.389151
      }
    }
  },
  "info":{
    "issue":461,
    "owner":"prism-break",
    "repository":"prism-break",
    "user":"ghost"
  },
  "language":"en",
  "usage":{
    "features":1,
    "text_characters":140,
    "text_units":1
  }
}