{
  "analyzed_text":"@kevinSuttle sorry, but no. You are being an idiot. The page here:\n\n[prism-break.org/en/all#email-accounts](link\n\nis layed out exactly as it should be. It has a few prime examples, followed by\nthis link and text:\n\n> For more email providers, take a look at [prxbx.com/email](link\n\nAlso if you notice carefully, the first link I put has this text:\n\n> Free Recommendations\n\nAccording to the second link Fastmail is not free, so suggesting it for that\npage is absurd. Go away.\n",
  "emotion":{
    "document":{
      "emotion":{
        "anger":0.120736,
        "disgust":0.034506,
        "fear":0.152431,
        "joy":0.327827,
        "sadness":0.265861
      }
    }
  },
  "info":{
    "issue":461,
    "owner":"prism-break",
    "repository":"prism-break",
    "user":"ghost"
  },
  "language":"en",
  "usage":{
    "features":1,
    "text_characters":474,
    "text_units":1
  }
}