{
  "analyzed_text":"> .> .> Also just confirmed the embeds on link again, first with it in the whitelist, which loaded embedded video from youtube, then with it not in the whitelist, which loaded the player from Invidious...Sorry, late response haven't had time lately to fuck with this..Ok, I got it. So, with cytube It's loading the Invidious embed and playing the video...But playing around with it, it seems to be having trouble actually syncing the video to cytube. So cytube essentially is supposed to sync the time with everyone watching, so if the video is playing at 2:00/10:00 everyone should be at 2:00. With your redirect enabled it doesn't sync to that time, it just starts the video from the beginning it seems. This could be an Invidious issue, I'm not sure. Not sure how I'd test that. .One other thing being, fairly often when a video ends, it doesn't skip to the next one. If I refresh the page it works, but obviously not ideal with the point of this site...Was wondering if you knew or could try to fix these two, as that should essentially make cytube (and any other similar services)  fully functional then..And yes, I know it's your  add-on (or at least Invidious) that is the issue because I disabled the Invidious Redirects temporarily, then refreshed and it seemed to sync fine with YouTube player.",
  "emotion":{
    "document":{
      "emotion":{
        "anger":0.076575,
        "disgust":0.02438,
        "fear":0.122223,
        "joy":0.099433,
        "sadness":0.429428
      }
    }
  },
  "info":{
    "issue":27,
    "owner":"SimonBrazell",
    "repository":"privacy-redirect",
    "user":"seniorm0ment"
  },
  "language":"en",
  "usage":{
    "features":1,
    "text_characters":1304,
    "text_units":1
  }
}