{
  "analyzed_text":"I have two issues with Deep Rock Galactic, currently. I seem to have similar issue with @Managor lately: the game would freeze and then crash after playing a couple of missions. I don't have overclock (but I do have coolbits set to 12 to adjust fan speed and enabled maximum performance mode in nvidia-settings). ..I could not find a workaround, and I'm not sure why this is happening. I did a fresh reinstall of the game (and the OS itself) and yet the issue persists. I'm on Arch Linux with zen kernel with proprietary NVIDIA drivers. I tried several commands such as gamemode, disable ESYNC, to no avail. The FPS is fine, however, and the issue only happens after a few missions, and rarely, the game would also crash when I open Steam overlay...Another issue is the game does not render the graphics or screen when I launch it with DX12 through Steam. The game runs fine with audio working, but the whole screen is either black or green, and it even flickers at times. Using mangohud indicates that the game runs in VKD3D or Vulkan, and I have vulkan and other dependencies installed, but still the graphics won't work. I tried to load vulkan driver manually, but it gave me wine error, saying my system does not support DX12, even though it does...These issue never occur on Windows, so does anyone know what's the cause of these issues? And according to reports in ProtonDB, it looks like I'm not the only one with this issue. ..Any help would be appreciated, especially regarding DX12. ",
  "emotion":{
    "document":{
      "emotion":{
        "anger":0.093578,
        "disgust":0.01399,
        "fear":0.103711,
        "joy":0.179245,
        "sadness":0.367024
      }
    }
  },
  "info":{
    "issue":284,
    "owner":"ValveSoftware",
    "repository":"Proton",
    "user":"ghost"
  },
  "language":"en",
  "usage":{
    "features":1,
    "text_characters":1493,
    "text_units":1
  }
}