{
  "analyzed_text":"> > Thanks! That fixed the artifacts, but the stuttering is still there..> > Edit: Another weird thing, the tab button doesn't seem to be working..> .> Did you try turning Steam overlay and steam fps counter off in the games properties on steam?..Good call. Disabling the Steam overlay makes the tab button work.",
  "emotion":{
    "document":{
      "emotion":{
        "anger":0.097389,
        "disgust":0.008311,
        "fear":0.054991,
        "joy":0.204686,
        "sadness":0.426883
      }
    }
  },
  "info":{
    "issue":3654,
    "owner":"ValveSoftware",
    "repository":"Proton",
    "user":"poperigby"
  },
  "language":"en",
  "usage":{
    "features":1,
    "text_characters":312,
    "text_units":1
  }
}