{
  "analyzed_text":"I'm using Pulse and I get a lot of cracking..I tried messing with default.pa..These settings seem to reduce the cracking but they're still there.",
  "emotion":{
    "document":{
      "emotion":{
        "anger":0.035769,
        "disgust":0.053028,
        "fear":0.201322,
        "joy":0.57973,
        "sadness":0.088779
      }
    }
  },
  "info":{
    "issue":413,
    "owner":"ValveSoftware",
    "repository":"Proton",
    "user":"notfood"
  },
  "language":"en",
  "usage":{
    "features":1,
    "text_characters":145,
    "text_units":1
  }
}