{
  "analyzed_text":"@jonasfj great, I'll have a look - thanks!..> For listing all package names there: link -- this is NOT stable...There are a lot of packages I think have been deleted that show up there (eg. search for \"film\") that maybe should be filtered out?",
  "emotion":{
    "document":{
      "emotion":{
        "anger":0.060009,
        "disgust":0.042964,
        "fear":0.109358,
        "joy":0.117413,
        "sadness":0.158868
      }
    }
  },
  "info":{
    "issue":2180,
    "owner":"dart-lang",
    "repository":"pub",
    "user":"DanTup"
  },
  "language":"en",
  "usage":{
    "features":1,
    "text_characters":243,
    "text_units":1
  }
}