{
  "analyzed_text":"> My gut says this is a service we'd want to the analysis server to provide..Yeah, I think this makes sense too. I was considering building a PoC directly in VS Code as an easier way to try it out - however the YAML-parsing options don't look too hot, and since I think the server already has a good parser, it might end up being easier to do there anyway.",
  "emotion":{
    "document":{
      "emotion":{
        "anger":0.067252,
        "disgust":0.010145,
        "fear":0.045343,
        "joy":0.292288,
        "sadness":0.106092
      }
    }
  },
  "info":{
    "issue":2180,
    "owner":"dart-lang",
    "repository":"pub",
    "user":"DanTup"
  },
  "language":"en",
  "usage":{
    "features":1,
    "text_characters":356,
    "text_units":1
  }
}