{
  "analyzed_text":"I found that one already, I hoped to find something similar on github, but here the youngest is from 2016. Maybe I'll clone that into a repo here and keep it in sync with the sf one. I need to add cmake-support there, too. Otherwise I would have to configure it outside cmake with the way they provide, including the checks to make sure their buidl-environment is complete...For sure there is a switch to turn downloading and building of the deps, and even if it is turned on, the checks if the system-provided one is useable are always run, so download happens only when there's no other possibillity...Same problem would occur on linux, too. As I aim to get one build-system for all plattforms.",
  "emotion":{
    "document":{
      "emotion":{
        "anger":0.029677,
        "disgust":0.086876,
        "fear":0.084408,
        "joy":0.536784,
        "sadness":0.188731
      }
    }
  },
  "info":{
    "issue":106,
    "owner":"pupnp",
    "repository":"pupnp",
    "user":"Vollstrecker"
  },
  "language":"en",
  "usage":{
    "features":1,
    "text_characters":696,
    "text_units":1
  }
}