{
  "analyzed_text":"It will be the same type of error every time the javascript changes. Don't be surprised. ",
  "emotion":{
    "document":{
      "emotion":{
        "anger":0.159659,
        "disgust":0.093256,
        "fear":0.15943,
        "joy":0.054184,
        "sadness":0.374097
      }
    }
  },
  "info":{
    "issue":1163,
    "owner":"pytube",
    "repository":"pytube",
    "user":"glubsy"
  },
  "language":"en",
  "usage":{
    "features":1,
    "text_characters":89,
    "text_units":1
  }
}