{
  "analyzed_text":"Thank you very very much !!! You remove great suffer from me by this command !! It is not only allow me to delete single page ! It allow me to select what I wish !! Like this:..qpdf example-1.pdf new.pdf --pages example-1.pdf 2-5,11,89-111 --..I was, before this command, enforced to use Windows application for this option. Now you reduce my need for Windows significantly !",
  "emotion":{
    "document":{
      "emotion":{
        "anger":0.2192,
        "disgust":0.027934,
        "fear":0.072314,
        "joy":0.261493,
        "sadness":0.271135
      }
    }
  },
  "info":{
    "issue":130,
    "owner":"qpdf",
    "repository":"qpdf",
    "user":"Nokia808"
  },
  "language":"en",
  "usage":{
    "features":1,
    "text_characters":375,
    "text_units":1
  }
}