{
  "analyzed_text":"With classic C-style linking, the linked library name/path often depends on the build settings (i.e. release vs debug, MSVC vs GCC, etc). For this reason, it's best if the specific paths are managed in the build environment (in nim.cfg files, in build scripts that call Nim, etc).   seems to provide sufficient control to implement any behavior in cfg files (@yglukhov, would you agree that all your cases can be expressed there?), so the two questions are:..1) Should we keep the unsual Nim behaviour as the default? (Araq's answer would probably be that it simplifies things for people who don't want to deal with the complexities of C-style linking)...2) Can we handle all the complexity in the Nim wrappers? This would mean specifying correct library names across OSes/compilers/debug vs release settings and so on. I don't think this can be reasonably solved, but perhaps a system where default names are provided is possible.",
  "emotion":{
    "document":{
      "emotion":{
        "anger":0.050497,
        "disgust":0.058986,
        "fear":0.085792,
        "joy":0.210065,
        "sadness":0.3058
      }
    }
  },
  "info":{
    "issue":58,
    "owner":"nim-lang",
    "repository":"RFCs",
    "user":"zah"
  },
  "language":"en",
  "usage":{
    "features":1,
    "text_characters":931,
    "text_units":1
  }
}