{
  "analyzed_text":"Thanks for your bug report. Please fill out the issue template to provide some more information about your setup and possible errors in the logfiles and the browser console...<details>.<summary>How to access your browser console (Click to expand)</summary>..# Chrome.- Press either CTRL + SHIFT + J to open the “console” tab of the Developer Tools..- Alternative method:.    1. Press either CTRL + SHIFT + I or F12 to open the Developer Tools..    2. Click the “console” tab...# Safari.- Press CMD + ALT + I to open the Web Inspector..- See Chrome’s step 2. (Chrome and Safari have pretty much identical dev tools.)..# IE9.1. Press F12 to open the developer tools..2. Click the “console” tab...# Firefox.- Press CTRL + SHIFT + K to open the Web console (COMMAND + SHIFT + K on Macs)..- or, if Firebug is installed (recommended):.    1. Press F12 to open Firebug..    2. Click on the “console” tab...# Opera.1. Press CTRL + SHIFT + I to open Dragonfly..2. Click on the “console” tab..</details>",
  "emotion":{
    "document":{
      "emotion":{
        "anger":0.067782,
        "disgust":0.037067,
        "fear":0.072751,
        "joy":0.302879,
        "sadness":0.356885
      }
    }
  },
  "info":{
    "issue":265,
    "owner":"nextcloud",
    "repository":"richdocuments",
    "user":"juliushaertl"
  },
  "language":"en",
  "usage":{
    "features":1,
    "text_characters":993,
    "text_units":1
  }
}