{
  "analyzed_text":"Notes from our design review call:..See [Microsoft Office design refresh](link for reference.Ref link [x] Color to regular page background.  * [x] Align similar boxed layout like MS Office, with rounded corners.  * [x] Possibly align with Nextcloud Sidebar hover/focus feedback (like list item in talk).* [x] No app specific colors (blue, green, orange), just use primary for theming.* [x] Tabs.  * [x] Separate sections like MS Office without indication at the bottom.  * [x] Align to new tabs design like for sidebar tabs.* [ ] Header bar.  * [x] Fullscreen -> View menu.  * [ ] Save -> Give feedback in top right, as in normal view.  * [x] Undo/Redo -> Home, first block on left.  * [ ] Save button possibly in same group as undo redo, definitely on Home tab.  * [ ] Menu entries need to move elsewhere, should only show on mobile.    * [ ] Select all → Should be same group as cut copy paste?.    * [x] Fullscreen → Already in Layout tab.    * [x] Show ruler → Already in Layout tab.    * [x] Track changes → Already in Review tab.    * [x] Find and replace → Already in Home tab.    * [x] Repair → Already in File tab.    * [x] Tools (spelling, word count) → Already in Review tab.* [ ] Sidebar.  * [ ] Background color should be same as document background.  * [ ] Dividing border can be much lighter.  * [ ] Little bit of vertical whitespace between sections.* [ ] Font style selector.  * [ ] Borders are too dark.  * [ ] Active font style should use our default active state (and hover/focus should use the default hover/focus states).  * [ ] Box should have rounded corners.  * [ ] Scrollbar is strange– instead should use scroll buttons.  * [x] Doesn’t need to show \"Heading 1\" etc twice, just show \"AaBbCc\" in formatted way and title below. Or directly \"Heading 1\" formatted, like Apple Pages does.    * [x] If we use 2 lines: Line height between the 2 lines are too much..![Quick mockup happend during the call](link",
  "emotion":{
    "document":{
      "emotion":{
        "anger":0.056664,
        "disgust":0.033951,
        "fear":0.108713,
        "joy":0.276026,
        "sadness":0.287026
      }
    }
  },
  "info":{
    "issue":1976,
    "owner":"nextcloud",
    "repository":"richdocuments",
    "user":"juliushaertl"
  },
  "language":"en",
  "usage":{
    "features":1,
    "text_characters":1928,
    "text_units":1
  }
}