{
  "analyzed_text":"Looks sane to me. @thebearon Maybe you can tell if that is an error to worry about?",
  "emotion":{
    "document":{
      "emotion":{
        "anger":0.247662,
        "disgust":0.01174,
        "fear":0.4212,
        "joy":0.112288,
        "sadness":0.238938
      }
    }
  },
  "info":{
    "issue":495,
    "owner":"nextcloud",
    "repository":"richdocuments",
    "user":"juliushaertl"
  },
  "language":"en",
  "usage":{
    "features":1,
    "text_characters":83,
    "text_units":1
  }
}