{
  "analyzed_text":"The loolwsd command should be ran as the same user that the webserver is using since richdocuments code is just calling PHP exec(), so I assume that this is rather snap specific.",
  "emotion":{
    "document":{
      "emotion":{
        "anger":0.07497,
        "disgust":0.003344,
        "fear":0.051784,
        "joy":0.11016,
        "sadness":0.36647
      }
    }
  },
  "info":{
    "issue":1282,
    "owner":"nextcloud",
    "repository":"richdocuments",
    "user":"juliushaertl"
  },
  "language":"en",
  "usage":{
    "features":1,
    "text_characters":178,
    "text_units":1
  }
}