{
  "analyzed_text":"I cannot reproduce any issue with that. Please fill out the complete issue template especially if there is something in the browser console or nextcloud logs. ..> In the case of the Collaboraonline app, no matter what type of content I type in the server address entry field, it shows my previous address...Maybe you can share a quick recording of the exact behavior there?",
  "emotion":{
    "document":{
      "emotion":{
        "anger":0.052133,
        "disgust":0.021198,
        "fear":0.045253,
        "joy":0.205222,
        "sadness":0.36795
      }
    }
  },
  "info":{
    "issue":949,
    "owner":"nextcloud",
    "repository":"richdocuments",
    "user":"juliushaertl"
  },
  "language":"en",
  "usage":{
    "features":1,
    "text_characters":373,
    "text_units":1
  }
}