{
  "analyzed_text":"The blocked request seems odd as it tries to load dashboard. Can you check the network console if the script in js/richdocuments-admin.js gets loaded properly?",
  "emotion":{
    "document":{
      "emotion":{
        "anger":0.112861,
        "disgust":0.033126,
        "fear":0.028594,
        "joy":0.062957,
        "sadness":0.37798
      }
    }
  },
  "info":{
    "issue":2211,
    "owner":"nextcloud",
    "repository":"richdocuments",
    "user":"juliushaertl"
  },
  "language":"en",
  "usage":{
    "features":1,
    "text_characters":159,
    "text_units":1
  }
}