{
  "analyzed_text":"My guess would be that there is an old configuration in place that tries to connect to the Collabora server but the connection would be pending and only reaching a timeout at some point. You can check that with  and possibly remove the existing values with:..- occ config:app:delete richdocuments public_wopi_url.- occ config:app:delete richdocuments wopi_url",
  "emotion":{
    "document":{
      "emotion":{
        "anger":0.037502,
        "disgust":0.02074,
        "fear":0.051369,
        "joy":0.068619,
        "sadness":0.688737
      }
    }
  },
  "info":{
    "issue":1817,
    "owner":"nextcloud",
    "repository":"richdocuments",
    "user":"juliushaertl"
  },
  "language":"en",
  "usage":{
    "features":1,
    "text_characters":359,
    "text_units":1
  }
}