{
  "analyzed_text":"Please fill out the complete issue template, especially checking the log files as otherwise there is no way we can guess what is going wrong here.",
  "emotion":{
    "document":{
      "emotion":{
        "anger":0.074131,
        "disgust":0.019275,
        "fear":0.084111,
        "joy":0.010775,
        "sadness":0.624064
      }
    }
  },
  "info":{
    "issue":842,
    "owner":"nextcloud",
    "repository":"richdocuments",
    "user":"juliushaertl"
  },
  "language":"en",
  "usage":{
    "features":1,
    "text_characters":146,
    "text_units":1
  }
}