{
  "analyzed_text":"> Let me know if you'd like this reopened...Can leave it with , depending on this bit I don't really understand completely. My C++ OO understanding is somewhat hacky... ..When they include  shouldn't that be including  without the need for any changes?..> Maybe it's a transitive problem..Seems plausible, I notice  is when you switch from  to  and I started looking at this with ..",
  "emotion":{
    "document":{
      "emotion":{
        "anger":0.069215,
        "disgust":0.02137,
        "fear":0.064256,
        "joy":0.229228,
        "sadness":0.463728
      }
    }
  },
  "info":{
    "issue":171,
    "owner":"ros",
    "repository":"robot_model",
    "user":"mryellow"
  },
  "language":"en",
  "usage":{
    "features":1,
    "text_characters":382,
    "text_units":1
  }
}