{
  "analyzed_text":"@stakx - Hijack away. You have filled in a couple of blanks as far as I am concerned. Thanks for posting. ",
  "emotion":{
    "document":{
      "emotion":{
        "anger":0.10431,
        "disgust":0.042392,
        "fear":0.303137,
        "joy":0.303632,
        "sadness":0.13206
      }
    }
  },
  "info":{
    "issue":9039,
    "owner":"dotnet",
    "repository":"runtime",
    "user":"ghost"
  },
  "language":"en",
  "usage":{
    "features":1,
    "text_characters":106,
    "text_units":1
  }
}