{
  "analyzed_text":"SIMD-Enabled types are poorly documented, so I need to ask about two things:.1. Vectors are defined by only one point  . Does this mean that its direction is from the origin point to that point?..2. The Plane structure is defined by a Vector3 normal to it and a distance. If normal vector starts from the origin to a point on the plane surface, why do we need a distance? What does it mean? Or if the point of the vector is not on the plane surface, what does it mean?.Maybe I miss something, but as I said, documents doesn't help. So, what do you really mean with this implementation?.3. I suggest adding a constructor to the Plane Structure, that has one parameter \"normal\" of type Vector3. It can get the distance frome:.d = normal.Length..This is usefull when we know the intersection point of the normal vector with the plane...And please, make the documantaion more detailed..Thanks.",
  "emotion":{
    "document":{
      "emotion":{
        "anger":0.065117,
        "disgust":0.013836,
        "fear":0.13842,
        "joy":0.127893,
        "sadness":0.369057
      }
    }
  },
  "info":{
    "issue":24713,
    "owner":"dotnet",
    "repository":"runtime",
    "user":"ghost"
  },
  "language":"en",
  "usage":{
    "features":1,
    "text_characters":889,
    "text_units":1
  }
}