{
  "analyzed_text":"Don't know who the hell you think you are, but the docs CLEARLY state \"Also, rxTools does not work on every firmware. If it doesn't work for you, downgrade to 4.5 or upgrade to 9.2\".\n\nThe devs are not here to please 1 person. If you don't like it or the docs, make your own.\n",
  "emotion":{
    "document":{
      "emotion":{
        "anger":0.1509,
        "disgust":0.036161,
        "fear":0.074836,
        "joy":0.140737,
        "sadness":0.376158
      }
    }
  },
  "info":{
    "issue":436,
    "owner":"roxas75",
    "repository":"rxTools",
    "user":"urherenow"
  },
  "language":"en",
  "usage":{
    "features":1,
    "text_characters":275,
    "text_units":1
  }
}