{
  "analyzed_text":"try again. That's menuhax hanging up. Happens a lot. After a white screen, it should cycle through several colors then load whatever is named boot.3dsx in the root of your card. That part isn't in the readme, because it's part of menuhax instructions. I personally use ctrbootmanager with the recommended defaults (and the example boot.cfg) with the HBL boot.3dsx renamed to hb_boot.3dsx. If you want to boot rxTools directly, use the /ninjhax/rxTools/rxTools.3dsx in the root, renamed to boot.3dsx (but I personally haven't tried that way).\n",
  "emotion":{
    "document":{
      "emotion":{
        "anger":0.209358,
        "disgust":0.023665,
        "fear":0.074435,
        "joy":0.208529,
        "sadness":0.303849
      }
    }
  },
  "info":{
    "issue":365,
    "owner":"roxas75",
    "repository":"rxTools",
    "user":"urherenow"
  },
  "language":"en",
  "usage":{
    "features":1,
    "text_characters":542,
    "text_units":1
  }
}