{
  "analyzed_text":"The github link has all of the .php files. You have to understand which one to load on what model/version 3ds.\n",
  "emotion":{
    "document":{
      "emotion":{
        "anger":0.039615,
        "disgust":0.019636,
        "fear":0.050188,
        "joy":0.175047,
        "sadness":0.572115
      }
    }
  },
  "info":{
    "issue":365,
    "owner":"roxas75",
    "repository":"rxTools",
    "user":"urherenow"
  },
  "language":"en",
  "usage":{
    "features":1,
    "text_characters":111,
    "text_units":1
  }
}