{
  "analyzed_text":"Also, it's still beta. The docs will be sorted out when it's out of beta.\n",
  "emotion":{
    "document":{
      "emotion":{
        "anger":0.058703,
        "disgust":0.057146,
        "fear":0.261909,
        "joy":0.159967,
        "sadness":0.121795
      }
    }
  },
  "info":{
    "issue":436,
    "owner":"roxas75",
    "repository":"rxTools",
    "user":"urherenow"
  },
  "language":"en",
  "usage":{
    "features":1,
    "text_characters":74,
    "text_units":1
  }
}