{
  "analyzed_text":"Let's say you have model called Account, which has beforeCreate callback:\n\n\n\nNow let's create new object and compare data returned by callback with data stored in database\n\n\n\nAnd boom:\n\n\nMismatch is small and this may be a minor bug, but it ruins my unit tests.\nMy suggestion is that  should be assigned after , it would make sense as long as model is not considered as \"created\" until  finishes.\n",
  "emotion":{
    "document":{
      "emotion":{
        "anger":0.052876,
        "disgust":0.024426,
        "fear":0.057351,
        "joy":0.326745,
        "sadness":0.364969
      }
    }
  },
  "info":{
    "issue":5314,
    "owner":"balderdashy",
    "repository":"sails",
    "user":"ghost"
  },
  "language":"en",
  "usage":{
    "features":1,
    "text_characters":397,
    "text_units":1
  }
}