{
  "analyzed_text":"Sorry for the delay, here's the repro:\n1. Clone [link (it's fresh sails app with Account model and test)\n2. Create MySQL database and alter  in \n3. \n\nOnly changes I've made to the core sails app is Account model, empty AccountController, one test file and three packages: , ,  (for password hashing)\n",
  "emotion":{
    "document":{
      "emotion":{
        "anger":0.045943,
        "disgust":0.01727,
        "fear":0.075812,
        "joy":0.349227,
        "sadness":0.311953
      }
    }
  },
  "info":{
    "issue":5314,
    "owner":"balderdashy",
    "repository":"sails",
    "user":"ghost"
  },
  "language":"en",
  "usage":{
    "features":1,
    "text_characters":300,
    "text_units":1
  }
}