{
  "analyzed_text":"The way that it finds the correction is to do the azimuthal integration some number of wedges (20-25), finds the peaks and then looks at the variation in measured radius around the ring (it actually averages the variation of a bunch of rings to and then looks at the variation around the ring on that).  The first Fourier component then directly gives you (to leading order) what the shift is.  Doing something similar for the second component will give you the tilt.\n",
  "emotion":{
    "document":{
      "emotion":{
        "anger":0.031431,
        "disgust":0.015649,
        "fear":0.017653,
        "joy":0.499263,
        "sadness":0.23626
      }
    }
  },
  "info":{
    "issue":132,
    "owner":"scikit-beam",
    "repository":"scikit-beam",
    "user":"tacaswell"
  },
  "language":"en",
  "usage":{
    "features":1,
    "text_characters":468,
    "text_units":1
  }
}