{
  "analyzed_text":" seems to save Unicode data in a format that  can open, but that MATLAB cannot understand...\n\n\n",
  "emotion":{
    "document":{
      "emotion":{
        "anger":0.037648,
        "disgust":0.019544,
        "fear":0.185402,
        "joy":0.36443,
        "sadness":0.210859
      }
    }
  },
  "info":{
    "issue":4431,
    "owner":"scipy",
    "repository":"scipy",
    "user":"anntzer"
  },
  "language":"en",
  "usage":{
    "features":1,
    "text_characters":95,
    "text_units":1
  }
}