{
  "analyzed_text":"On the other hand I guess this would fail when there is data that contains lone surrogate pairs, which while technically invalid certainly exists (in a sense, that's what  contains).  I'd say we just acknowledge that there is an impedance mismatch and give up on handling surrogate pairs; just return them as separate characters on the Numpy side (perhaps with an additional note in the help indicating how to decode later).\n",
  "emotion":{
    "document":{
      "emotion":{
        "anger":0.044239,
        "disgust":0.022262,
        "fear":0.045013,
        "joy":0.08178,
        "sadness":0.751055
      }
    }
  },
  "info":{
    "issue":4431,
    "owner":"scipy",
    "repository":"scipy",
    "user":"anntzer"
  },
  "language":"en",
  "usage":{
    "features":1,
    "text_characters":425,
    "text_units":1
  }
}