{
  "analyzed_text":"Did you also look at larger images?  In my domain the scientifically relevant image sizes are typically (1-2k) x (1-2k) .\n",
  "emotion":{
    "document":{
      "emotion":{
        "anger":0.023763,
        "disgust":0.046834,
        "fear":0.091363,
        "joy":0.51709,
        "sadness":0.2652
      }
    }
  },
  "info":{
    "issue":5608,
    "owner":"scipy",
    "repository":"scipy",
    "user":"tacaswell"
  },
  "language":"en",
  "usage":{
    "features":1,
    "text_characters":122,
    "text_units":1
  }
}