{
  "analyzed_text":"@bwilkerson I've pushed changes for the things you commented on. Merging is fine by me if you're happy with it. Let me know if anything comes out of your discussion with Alex.",
  "emotion":{
    "document":{
      "emotion":{
        "anger":0.044991,
        "disgust":0.017048,
        "fear":0.213146,
        "joy":0.398322,
        "sadness":0.156434
      }
    }
  },
  "info":{
    "issue":30411,
    "owner":"dart-lang",
    "repository":"sdk",
    "user":"DanTup"
  },
  "language":"en",
  "usage":{
    "features":1,
    "text_characters":175,
    "text_units":1
  }
}