{
  "analyzed_text":"@digiter as far as I know we've never built the sdk on Catalina, unless you've done it.",
  "emotion":{
    "document":{
      "emotion":{
        "anger":0.020608,
        "disgust":0.016318,
        "fear":0.021581,
        "joy":0.403829,
        "sadness":0.625901
      }
    }
  },
  "info":{
    "issue":38887,
    "owner":"dart-lang",
    "repository":"sdk",
    "user":"christopherfujino"
  },
  "language":"en",
  "usage":{
    "features":1,
    "text_characters":87,
    "text_units":1
  }
}