{
  "analyzed_text":"Some users of Flutter are reporting that  and  print as garbage (e.g.  or ) on certain versions of Windows:..* @banalg saw this on Windows 7 SP1, French version (link @goodev saw this on Windows 7 Chinese (link that it prints garbage instead of Unicode's replacement character � makes me suspect that on the affected versions of Windows Dart doesn't set the code page properly to Unicode.../cc @zanderso ",
  "emotion":{
    "document":{
      "emotion":{
        "anger":0.053813,
        "disgust":0.028749,
        "fear":0.036331,
        "joy":0.061162,
        "sadness":0.210604
      }
    }
  },
  "info":{
    "issue":29286,
    "owner":"dart-lang",
    "repository":"sdk",
    "user":"goderbauer"
  },
  "language":"en",
  "usage":{
    "features":1,
    "text_characters":404,
    "text_units":1
  }
}