{
  "analyzed_text":"@temitopeog I don't have any real experience with Dart/Flutter outside of VS Code. I think editors preferences are quite subjective though, so what's best for some is often not best for others - I'd use what you're comfortable with and seems to work well...Does this issue occur for all projects (eg. if you create a new one with the **Flutter: New Project** command in VS Code), or just this one? If just this one, making a copy of it and trying to narrow down what's different between it and the new project to see what's triggering it might help track it down...",
  "emotion":{
    "document":{
      "emotion":{
        "anger":0.030148,
        "disgust":0.019921,
        "fear":0.165495,
        "joy":0.332417,
        "sadness":0.205816
      }
    }
  },
  "info":{
    "issue":47934,
    "owner":"dart-lang",
    "repository":"sdk",
    "user":"DanTup"
  },
  "language":"en",
  "usage":{
    "features":1,
    "text_characters":565,
    "text_units":1
  }
}