{
  "analyzed_text":"> Unfortunately, my website stays white after applying the patch. I'm now on NC 12.0.5 if this makes a difference...Did you only appy the single commit 6770213? Maybe there was an issue with applying the patch? Works fine here on 12.0.5 as well",
  "emotion":{
    "document":{
      "emotion":{
        "anger":0.033395,
        "disgust":0.018684,
        "fear":0.058048,
        "joy":0.238231,
        "sadness":0.419527
      }
    }
  },
  "info":{
    "issue":6752,
    "owner":"nextcloud",
    "repository":"server",
    "user":"juliushaertl"
  },
  "language":"en",
  "usage":{
    "features":1,
    "text_characters":244,
    "text_units":1
  }
}