{
  "analyzed_text":"Yeah, on a phone the percentage doesn’t fully work. On narrow widths it should work like before. On bigger screens the 33% rule can work.",
  "emotion":{
    "document":{
      "emotion":{
        "anger":0.059268,
        "disgust":0.080712,
        "fear":0.271525,
        "joy":0.211283,
        "sadness":0.348869
      }
    }
  },
  "info":{
    "issue":5135,
    "owner":"nextcloud",
    "repository":"server",
    "user":"jancborchardt"
  },
  "language":"en",
  "usage":{
    "features":1,
    "text_characters":137,
    "text_units":1
  }
}