{
  "analyzed_text":"@GitHubUser4234 Thanks for your report. Unfortunately I'm unable to reproduce the issue on current master. Are you sure that when you tested this every change of the port has been saved (by removing the focus from the input field)? ..Can you still reproduce this and if you reload after check 4 do both server settings have the correct port number set?",
  "emotion":{
    "document":{
      "emotion":{
        "anger":0.052782,
        "disgust":0.030197,
        "fear":0.10201,
        "joy":0.216714,
        "sadness":0.271398
      }
    }
  },
  "info":{
    "issue":10270,
    "owner":"nextcloud",
    "repository":"server",
    "user":"juliushaertl"
  },
  "language":"en",
  "usage":{
    "features":1,
    "text_characters":352,
    "text_units":1
  }
}