{
  "analyzed_text":"Workaround is in link ..@ace0024 Would be great if you could test if this fixes the issue for you.",
  "emotion":{
    "document":{
      "emotion":{
        "anger":0.016586,
        "disgust":0.006741,
        "fear":0.045535,
        "joy":0.233912,
        "sadness":0.278147
      }
    }
  },
  "info":{
    "issue":2208,
    "owner":"nextcloud",
    "repository":"server",
    "user":"juliushaertl"
  },
  "language":"en",
  "usage":{
    "features":1,
    "text_characters":98,
    "text_units":1
  }
}