{
  "analyzed_text":"Woops, must have been a copy past error when trying to align copied dumps from the the two instances i had. Yes that would of course be admin.",
  "emotion":{
    "document":{
      "emotion":{
        "anger":0.089355,
        "disgust":0.013374,
        "fear":0.258935,
        "joy":0.037839,
        "sadness":0.554874
      }
    }
  },
  "info":{
    "issue":23044,
    "owner":"nextcloud",
    "repository":"server",
    "user":"juliushaertl"
  },
  "language":"en",
  "usage":{
    "features":1,
    "text_characters":142,
    "text_units":1
  }
}