{
  "analyzed_text":"Thanks for that. For some reason it seems that a unrelated request (fetching one of the theming images) created a new session which will then cause the CSRF token from the initial request to be invalid for follow up requests. This all seems more like a server issue to me, though I could not reproduce anything in that regard yet locally...![image](link the code parts I could imagine that this line is causing the session reset link so maybe you could apply the following patch to the instance, try to reproduce the issue again and then check the logs for entries containing ..",
  "emotion":{
    "document":{
      "emotion":{
        "anger":0.055042,
        "disgust":0.018456,
        "fear":0.061825,
        "joy":0.178909,
        "sadness":0.49616
      }
    }
  },
  "info":{
    "issue":28463,
    "owner":"nextcloud",
    "repository":"server",
    "user":"juliushaertl"
  },
  "language":"en",
  "usage":{
    "features":1,
    "text_characters":578,
    "text_units":1
  }
}