{
  "analyzed_text":"Hehe, true. .This is my plan for the next version after this one, to have it 1:1 to new share flow on web ui: with projects, multiple links, etc.",
  "emotion":{
    "document":{
      "emotion":{
        "anger":0.015006,
        "disgust":0.009336,
        "fear":0.092805,
        "joy":0.573643,
        "sadness":0.250588
      }
    }
  },
  "info":{
    "issue":12877,
    "owner":"nextcloud",
    "repository":"server",
    "user":"tobiasKaminsky"
  },
  "language":"en",
  "usage":{
    "features":1,
    "text_characters":145,
    "text_units":1
  }
}