{
  "analyzed_text":"I have to say I am really skeptical here. In short, there is too much space used for interface elements and too little for actual content. It looks very crowded and quite confusing...- The layout misses visual hierarchy. The breadcrumb is the most prominent part, why? It feels imbalanced..- There is a _lot_ of whitespace (they grey-ish background) which separates parts in a strange way..- The width of an app entry would be decided by the length of the text, which is completely arbitrary and will also change depending on language. We shouldn’t do that..- The icons of the navigation entries were removed, why that?.- The »Create new« button is not very prominent and to the side..- For what reason has the »size« column been moved to the left?.- How do I now open a file or folder and how will people know the difference where to click for opening and where for getting the actions? There is no indicator for how to open the sidebar..- Where’s the Favorite function?.- There absolutely need to be picture thumbnails in the file list view. Any thumbnail is more helpful to identify a picture or to orient yourself in the list than a nondescript image-filetype icon and the usual IMG_20170423.jpg name..- The Notifications are inside the users menu? How will that look?.- What about the Contacts menu #3233?.- There is a quite large amount of space and text dedicated to the search, while at the same time it’s not very recognizable as a search bar..- How will this look on mobile / responsive-layout-wise?.- The current layout corresponds a lot with the mobile apps for Android and iOS, for good reasons of making it very easy to use cross-platform / cross-interface. Throwing this away would be quite confusing..- And yes, as @karlitschek said this will necessitate adjusting of existing apps...There are some good parts:.- The list of pictures of people the folder has been shared with. Let's put that instead of the \"Shared\" text in each row. And in the breadcrumb for when you are in a folder..- That the checkboxes are always visible. I’m happy for proposals which balance this with the space available while also having the favorites function accessible..- The drag & drop notice. Assuming it will vanish after the first time you do it, and it should have a close-x function..- The proper view switcher Grid/List is great - maybe works icon-only for reducing visual noise of a not-often-used element. Of course we need a proper grid view also ;) see #6..I would really prefer if we can break any design improvement down to small, manageable steps, which are well specified and can be tested. If we just change everything from one release to the next with no particular reason than for the sake of it, then we will confuse and turn off users...So please @Espina2 don’t be discouraged by my comment. I mentioned it in the past already that we should take on things step by step, and that continues to be the way we have to work if we want to have changes testable and see if it’s really an improvement. :)",
  "emotion":{
    "document":{
      "emotion":{
        "anger":0.047444,
        "disgust":0.02272,
        "fear":0.078251,
        "joy":0.33614,
        "sadness":0.297253
      }
    }
  },
  "info":{
    "issue":4273,
    "owner":"nextcloud",
    "repository":"server",
    "user":"jancborchardt"
  },
  "language":"en",
  "usage":{
    "features":1,
    "text_characters":3013,
    "text_units":1
  }
}