{
  "analyzed_text":"@nickvergessen The idea was to just show an overview page with details about the server status and move all settings to other pages. Since the updatenotifications app basically does both, configuring the update channel and showing, if there is an update available, i split those two up. But after thinking about it, it is kind of weird to have this in two sections...Any ideas how we could solve that @nextcloud/designers ? Otherwise I'm fine with just showing it on the overview page, as it was before.",
  "emotion":{
    "document":{
      "emotion":{
        "anger":0.028405,
        "disgust":0.027434,
        "fear":0.081501,
        "joy":0.242213,
        "sadness":0.247787
      }
    }
  },
  "info":{
    "issue":9029,
    "owner":"nextcloud",
    "repository":"server",
    "user":"juliushaertl"
  },
  "language":"en",
  "usage":{
    "features":1,
    "text_characters":503,
    "text_units":1
  }
}