{
  "analyzed_text":"New comments are indicated in the file list by an icon on the respective file.\n\nYes, we could also add the tags a file has been tagged with if it has any:\n- right next of the filename, like Gmail\n- clicking the tag shows all files with this tag\n\ncc @schiessle @blizzz @nextcloud/javascript",
  "emotion":{
    "document":{
      "emotion":{
        "anger":0.225668,
        "disgust":0.025128,
        "fear":0.047542,
        "joy":0.217559,
        "sadness":0.411185
      }
    }
  },
  "info":{
    "issue":6424,
    "owner":"nextcloud",
    "repository":"server",
    "user":"jancborchardt"
  },
  "language":"en",
  "usage":{
    "features":1,
    "text_characters":289,
    "text_units":1
  }
}