{
  "analyzed_text":"> This is really essential to address. Users should be able to look up and autocomplete users in their groups and their groups ONLY...@schiessle @blizzz @LukasReschke can you look at this? All the cases noted here should be integrated in the existing options.",
  "emotion":{
    "document":{
      "emotion":{
        "anger":0.024595,
        "disgust":0.016534,
        "fear":0.030695,
        "joy":0.465176,
        "sadness":0.335354
      }
    }
  },
  "info":{
    "issue":5107,
    "owner":"nextcloud",
    "repository":"server",
    "user":"jancborchardt"
  },
  "language":"en",
  "usage":{
    "features":1,
    "text_characters":259,
    "text_units":1
  }
}