{
  "analyzed_text":"- Fix own user editing (Fixes #18530, Fixes #18964, Fixes #19004, Fixes #19072) .- Fix height of user rows .- Fix missing submit button in the display name field.- Fix group navigation (regression from #18917) **No backport needed for this**",
  "emotion":{
    "document":{
      "emotion":{
        "anger":0.031754,
        "disgust":0.006175,
        "fear":0.366836,
        "joy":0.192446,
        "sadness":0.233823
      }
    }
  },
  "info":{
    "issue":18555,
    "owner":"nextcloud",
    "repository":"server",
    "user":"juliushaertl"
  },
  "language":"en",
  "usage":{
    "features":1,
    "text_characters":241,
    "text_units":1
  }
}