{
  "analyzed_text":"True, and otherwise we would need to reimplement these things.\n\nWhile we should not overuse it, the existing use is valid. Closing hence.",
  "emotion":{
    "document":{
      "emotion":{
        "anger":0.093628,
        "disgust":0.032062,
        "fear":0.102215,
        "joy":0.244244,
        "sadness":0.439394
      }
    }
  },
  "info":{
    "issue":4134,
    "owner":"nextcloud",
    "repository":"server",
    "user":"jancborchardt"
  },
  "language":"en",
  "usage":{
    "features":1,
    "text_characters":137,
    "text_units":1
  }
}