{
  "analyzed_text":"Steps to reproduce:.- Local primary storage.- Upload an empty file.- Try to copy the file to a different directory..Fixes #16989..Requires link so backporting will work to 18 and 19",
  "emotion":{
    "document":{
      "emotion":{
        "anger":0.015604,
        "disgust":0.00213,
        "fear":0.136523,
        "joy":0.136856,
        "sadness":0.362919
      }
    }
  },
  "info":{
    "issue":22739,
    "owner":"nextcloud",
    "repository":"server",
    "user":"juliushaertl"
  },
  "language":"en",
  "usage":{
    "features":1,
    "text_characters":181,
    "text_units":1
  }
}