{
  "analyzed_text":"@enoch85 this is for small quick polishing mainly. Can't judge the workload on that one but seems like it might better be a separate issue. :)",
  "emotion":{
    "document":{
      "emotion":{
        "anger":0.071351,
        "disgust":0.014683,
        "fear":0.192992,
        "joy":0.535971,
        "sadness":0.223532
      }
    }
  },
  "info":{
    "issue":16076,
    "owner":"nextcloud",
    "repository":"server",
    "user":"jancborchardt"
  },
  "language":"en",
  "usage":{
    "features":1,
    "text_characters":142,
    "text_units":1
  }
}