{
  "analyzed_text":"@ChristophWurst since you brought up the issue with the 2FA headings in settings – could you check and give feedback?",
  "emotion":{
    "document":{
      "emotion":{
        "anger":0.031654,
        "disgust":0.075716,
        "fear":0.041758,
        "joy":0.068818,
        "sadness":0.044423
      }
    }
  },
  "info":{
    "issue":11993,
    "owner":"nextcloud",
    "repository":"server",
    "user":"jancborchardt"
  },
  "language":"en",
  "usage":{
    "features":1,
    "text_characters":117,
    "text_units":1
  }
}