{
  "analyzed_text":"@daita I think the issue here is that if the social app is not enabled, the webfinger endpoint returns an Internal Server Error, which is considered by the setup check as setup wrongly. Maybe we should just don't throw an error of no app hooks into the webfinger?.",
  "emotion":{
    "document":{
      "emotion":{
        "anger":0.053498,
        "disgust":0.206011,
        "fear":0.047822,
        "joy":0.023402,
        "sadness":0.648283
      }
    }
  },
  "info":{
    "issue":13088,
    "owner":"nextcloud",
    "repository":"server",
    "user":"juliushaertl"
  },
  "language":"en",
  "usage":{
    "features":1,
    "text_characters":264,
    "text_units":1
  }
}