{
  "analyzed_text":"Strange..I created a daily reminder from 6-13.08 and then suddenly I received the error..After each day I removed the daily reminder either via Thunderbird or on Android via DavX5..That might be the reason you see the exdate.",
  "emotion":{
    "document":{
      "emotion":{
        "anger":0.110976,
        "disgust":0.019677,
        "fear":0.056482,
        "joy":0.066768,
        "sadness":0.411814
      }
    }
  },
  "info":{
    "issue":28477,
    "owner":"nextcloud",
    "repository":"server",
    "user":"tobiasKaminsky"
  },
  "language":"en",
  "usage":{
    "features":1,
    "text_characters":225,
    "text_units":1
  }
}