{
  "analyzed_text":"Yeah, I'd say this is still relevant, and the proposal by @MariusBluem is also quite specific. As we move more into communication, you need to know quickly how you appear to others (in picture, name, profile data etc.).",
  "emotion":{
    "document":{
      "emotion":{
        "anger":0.063396,
        "disgust":0.008244,
        "fear":0.086072,
        "joy":0.597141,
        "sadness":0.104891
      }
    }
  },
  "info":{
    "issue":6069,
    "owner":"nextcloud",
    "repository":"server",
    "user":"jancborchardt"
  },
  "language":"en",
  "usage":{
    "features":1,
    "text_characters":219,
    "text_units":1
  }
}