{
  "analyzed_text":"@FlorianTaut Can you check the network console as well? There should be a request to /apps/theming/ajax/updateLogo when you upload the logo...![2017-05-24-110516_1917x664_scrot](link",
  "emotion":{
    "document":{
      "emotion":{
        "anger":0.039289,
        "disgust":0.015796,
        "fear":0.035211,
        "joy":0.297634,
        "sadness":0.493768
      }
    }
  },
  "info":{
    "issue":5033,
    "owner":"nextcloud",
    "repository":"server",
    "user":"juliushaertl"
  },
  "language":"en",
  "usage":{
    "features":1,
    "text_characters":182,
    "text_units":1
  }
}