{
  "analyzed_text":"@newhinton Besides those comments, I really like it. ..@skjnldsv @newhinton Drag-and-drop is not included in the PR, right?",
  "emotion":{
    "document":{
      "emotion":{
        "anger":0.037111,
        "disgust":0.211151,
        "fear":0.258933,
        "joy":0.175182,
        "sadness":0.218504
      }
    }
  },
  "info":{
    "issue":10176,
    "owner":"nextcloud",
    "repository":"server",
    "user":"juliushaertl"
  },
  "language":"en",
  "usage":{
    "features":1,
    "text_characters":123,
    "text_units":1
  }
}