{
  "analyzed_text":"Right, 32 is some middle ground because 88 is a bit much and leaves little space for the text...However, it is important that we align the text of the entries of one level on the same vertical line..| Here the subentries | Here with all entries, essentially making .with-icon the default |.|:------------:|:--------------:|.|![entries-aligned](link looks much cleaner and you clearly know which text is at which level. Also it pushes that ideally there are additional visual indicators like icons, favicons, etc.",
  "emotion":{
    "document":{
      "emotion":{
        "anger":0.019533,
        "disgust":0.021479,
        "fear":0.048085,
        "joy":0.512274,
        "sadness":0.172513
      }
    }
  },
  "info":{
    "issue":6399,
    "owner":"nextcloud",
    "repository":"server",
    "user":"jancborchardt"
  },
  "language":"en",
  "usage":{
    "features":1,
    "text_characters":512,
    "text_units":1
  }
}