{
  "analyzed_text":"Just so we have the links, modification notices, and requirements also in one place. :)",
  "emotion":{
    "document":{
      "emotion":{
        "anger":0.040946,
        "disgust":0.013572,
        "fear":0.032608,
        "joy":0.414486,
        "sadness":0.284239
      }
    }
  },
  "info":{
    "issue":22808,
    "owner":"nextcloud",
    "repository":"server",
    "user":"jancborchardt"
  },
  "language":"en",
  "usage":{
    "features":1,
    "text_characters":87,
    "text_units":1
  }
}