{
  "analyzed_text":"@mcnesium You are right, I guess we could improve there or at least make it more visible that there might be conflicts.",
  "emotion":{
    "document":{
      "emotion":{
        "anger":0.092175,
        "disgust":0.005198,
        "fear":0.059302,
        "joy":0.522408,
        "sadness":0.160045
      }
    }
  },
  "info":{
    "issue":3094,
    "owner":"nextcloud",
    "repository":"server",
    "user":"juliushaertl"
  },
  "language":"en",
  "usage":{
    "features":1,
    "text_characters":119,
    "text_units":1
  }
}