{
  "analyzed_text":"@juliushaertl just a small comment on the collaborative tags UI: Seeing as there are 3 icons without label, the \"Delete\" and \"Reset\" buttons should be in a 3-dot-menu, no?",
  "emotion":{
    "document":{
      "emotion":{
        "anger":0.079756,
        "disgust":0.011579,
        "fear":0.030201,
        "joy":0.19964,
        "sadness":0.51867
      }
    }
  },
  "info":{
    "issue":10028,
    "owner":"nextcloud",
    "repository":"server",
    "user":"jancborchardt"
  },
  "language":"en",
  "usage":{
    "features":1,
    "text_characters":171,
    "text_units":1
  }
}