{
  "analyzed_text":"We had this, but there was a fix for it in beta or rx phase, so if it still occurs, please open a new issue with the steps to reproduce.",
  "emotion":{
    "document":{
      "emotion":{
        "anger":0.040489,
        "disgust":0.007394,
        "fear":0.03833,
        "joy":0.114967,
        "sadness":0.583395
      }
    }
  },
  "info":{
    "issue":19040,
    "owner":"nextcloud",
    "repository":"server",
    "user":"juliushaertl"
  },
  "language":"en",
  "usage":{
    "features":1,
    "text_characters":136,
    "text_units":1
  }
}