{
  "analyzed_text":"@MorrisJobke oh, that's a killer. Can you isolate if it's the background movement or the logo animation?",
  "emotion":{
    "document":{
      "emotion":{
        "anger":0.061647,
        "disgust":0.042561,
        "fear":0.307495,
        "joy":0.177113,
        "sadness":0.376564
      }
    }
  },
  "info":{
    "issue":6507,
    "owner":"nextcloud",
    "repository":"server",
    "user":"jancborchardt"
  },
  "language":"en",
  "usage":{
    "features":1,
    "text_characters":104,
    "text_units":1
  }
}