{
  "analyzed_text":"Now it works, generally. :D Some feedback:..- Why is it either high contrast _or_ dark theme? There’s basically 4 options right now, but what we really should do is 3 settings:.   - High contrast (both font and colors).   - Dark theme.   - Dyslexia font..## Dark theme still needs some refinement:.![dark theme](link from 2018-06-22 11-02-57](link [ ] Icons are often still black instead of inverted.- [x] Popovers should probably get a light 1px border (_no_ white shadow) to be visible from the ground..- [ ] The modified & size column text color algorithm needs to be adjusted (fyi: big files have their size shown more opaque, and recent files too – this makes you find recent or big files even in alphabetic sorting)..## Fonts.- [x] The high contrast font setting makes the fonts Regular & Bold, but it does not use Open Sans:.![screenshot from 2018-06-22 11-04-03](link [x] Dyslexia font isn’t loaded?.![screenshot from 2018-06-22 11-04-15](link",
  "emotion":{
    "document":{
      "emotion":{
        "anger":0.03306,
        "disgust":0.018879,
        "fear":0.149285,
        "joy":0.412793,
        "sadness":0.183479
      }
    }
  },
  "info":{
    "issue":9862,
    "owner":"nextcloud",
    "repository":"server",
    "user":"jancborchardt"
  },
  "language":"en",
  "usage":{
    "features":1,
    "text_characters":951,
    "text_units":1
  }
}