{
  "analyzed_text":"Is this something we want in general @AndyScherzinger @karlitschek?\nI'd say no, especially because this is basically a button saying \"opt out of security fixes and updates\". There is also a reason that app stores don't really have this.\n\n(If we do, then it certainly shouldn't need its own tab. It would be fine as a simple 3-dot action menu next to the install button (or version number) with the versions as the entries.)\n\n@max65482 what are the regressions you are referring to?",
  "emotion":{
    "document":{
      "emotion":{
        "anger":0.06453,
        "disgust":0.029851,
        "fear":0.143895,
        "joy":0.12478,
        "sadness":0.348103
      }
    }
  },
  "info":{
    "issue":31588,
    "owner":"nextcloud",
    "repository":"server",
    "user":"jancborchardt"
  },
  "language":"en",
  "usage":{
    "features":1,
    "text_characters":481,
    "text_units":1
  }
}