{
  "analyzed_text":"Good stuff! :) Just some details:..- [ ] As @skjnldsv also noted, the icons should have a consistent size: Ideally how they will be displayed, 16*16px squares. :).- [x] Could you place the »clients« folder in  instead of settings? I prefer to have all the images in that one place (yes the icons of the popover are the only exceptions).- [x] Please use the icons.scss file to define classes like  to be used by the app, that’s how we do it centrally for icons. :).- [x] The globe icon we already have at link a lot for contributing to Nextcloud design! :) I’m adding you to the @nextcloud/designers group, and just in case you didn’t know about it, check out the design page :) link",
  "emotion":{
    "document":{
      "emotion":{
        "anger":0.015796,
        "disgust":0.008903,
        "fear":0.018853,
        "joy":0.647781,
        "sadness":0.278857
      }
    }
  },
  "info":{
    "issue":7754,
    "owner":"nextcloud",
    "repository":"server",
    "user":"jancborchardt"
  },
  "language":"en",
  "usage":{
    "features":1,
    "text_characters":682,
    "text_units":1
  }
}