{
  "analyzed_text":"Please read the documentation for occ: link the flag  should fix your problem.",
  "emotion":{
    "document":{
      "emotion":{
        "anger":0.159438,
        "disgust":0.036684,
        "fear":0.177231,
        "joy":0.05804,
        "sadness":0.429721
      }
    }
  },
  "info":{
    "issue":6345,
    "owner":"nextcloud",
    "repository":"server",
    "user":"juliushaertl"
  },
  "language":"en",
  "usage":{
    "features":1,
    "text_characters":78,
    "text_units":1
  }
}