{
  "analyzed_text":"@gboudreau Yes, as @danxuliu said, we have some nice issues labeled as [good first issue](link Contributions are very welcome.",
  "emotion":{
    "document":{
      "emotion":{
        "anger":0.025409,
        "disgust":0.044345,
        "fear":0.114463,
        "joy":0.248394,
        "sadness":0.560884
      }
    }
  },
  "info":{
    "issue":8106,
    "owner":"nextcloud",
    "repository":"server",
    "user":"juliushaertl"
  },
  "language":"en",
  "usage":{
    "features":1,
    "text_characters":126,
    "text_units":1
  }
}