{
  "analyzed_text":"I've got some comes and goes on this feature...I started implementing the \"soft delete\" approach, but it has a lot of side effects and introduces a huge technical debt, since now everywhere in the code, the  flag needs to be taken into account to not include those short URLs in lists, not allow redirects on those short URLs, etc. It is too easy to make a mistake or forget it at some point...That's why I decided to finally implement a real \"hard delete\", but with limits. However, the \"no visits\" limit seems to be too strict, so I thought what could be the correct amount of visits from which a short URL should not be allowed to be deleted. 10? 15? 100?..Since the correct amount depends on the case, it is going to be a configurable option. You will be able to define from which amount of visits it is no longer possible to delete a short URL to prevent accidental deletions. You will even be allowed to completelly disable this behavior so that URLs can be deleted anyhow...The configuration option will be hardcoded by the moment, and in next versions I will add it to the installation process...I will document here (and in the changelog) how to manually change it by the moment.",
  "emotion":{
    "document":{
      "emotion":{
        "anger":0.056661,
        "disgust":0.047703,
        "fear":0.136848,
        "joy":0.167857,
        "sadness":0.179739
      }
    }
  },
  "info":{
    "issue":187,
    "owner":"shlinkio",
    "repository":"shlink",
    "user":"acelaya"
  },
  "language":"en",
  "usage":{
    "features":1,
    "text_characters":1188,
    "text_units":1
  }
}