{
  "analyzed_text":"I have just released v2.7.3, which addresses these issues...I have finally left the behavior of failing as a whole as it was. It's hard to predict all kinds of possible issues in order to properly handle them, so better fix the known issues, and leave a transactional behavior for any other case...If you are using the docker image, you will have to wait for this job to finish (~1h) link",
  "emotion":{
    "document":{
      "emotion":{
        "anger":0.037046,
        "disgust":0.011419,
        "fear":0.047323,
        "joy":0.123846,
        "sadness":0.429232
      }
    }
  },
  "info":{
    "issue":1135,
    "owner":"shlinkio",
    "repository":"shlink",
    "user":"acelaya"
  },
  "language":"en",
  "usage":{
    "features":1,
    "text_characters":388,
    "text_units":1
  }
}