{
  "analyzed_text":"@afiaka87 For me, it was clear, and I already wrote that it worked as It should. No need to change any descriptions..It was just a version mismatch - beta iOS with non-beta Signal app..",
  "emotion":{
    "document":{
      "emotion":{
        "anger":0.046849,
        "disgust":0.017001,
        "fear":0.049188,
        "joy":0.364032,
        "sadness":0.236652
      }
    }
  },
  "info":{
    "issue":1208,
    "owner":"signalapp",
    "repository":"Signal-Desktop",
    "user":"ghost"
  },
  "language":"en",
  "usage":{
    "features":1,
    "text_characters":185,
    "text_units":1
  }
}