{
  "analyzed_text":"WTF ! J'ai pourtant pas changé grand chose, à part ajouté un cron, et viré pas mal de ****..Moyen d'avoir des logs détaillés ? (genre le module, ou alors dans link des fois il y a des logs d'autres modules)..Merci",
  "emotion":{
    "document":{
      "emotion":{
        "anger":0.179725,
        "disgust":0.075584,
        "fear":0.10367,
        "joy":0.05997,
        "sadness":0.25606
      }
    }
  },
  "info":{
    "issue":3,
    "owner":"Sigri44",
    "repository":"sigri_atome",
    "user":"Sigri44"
  },
  "language":"fr",
  "usage":{
    "features":1,
    "text_characters":213,
    "text_units":1
  }
}