{
  "analyzed_text":"**Describe the bug**.After a successful Windows build, I installed emsdk and attempted to build for web. This was the result:..$ make TARGET_WEB=1.make: Nothing to be done for 'default'....**To Reproduce**.Steps to reproduce the behavior:.1. Follow the building guide for windows, build it, and verify that it runs.2. Install emsdk.3. type make TARGET_WEB=1.4. See error..**Expected behavior**.It should build for web, or at least throw an error...**Desktop (please complete the following information):**. - OS: Msys2 running mingw64 under Windows 10. - Browser .N/A..",
  "emotion":{
    "document":{
      "emotion":{
        "anger":0.078927,
        "disgust":0.017764,
        "fear":0.062185,
        "joy":0.224244,
        "sadness":0.316208
      }
    }
  },
  "info":{
    "issue":49,
    "owner":"sm64pc",
    "repository":"sm64ex",
    "user":"urherenow"
  },
  "language":"en",
  "usage":{
    "features":1,
    "text_characters":568,
    "text_units":1
  }
}