{
  "analyzed_text":"Sorry, I doubt we can do anything about this in Spyder because the functionality is working (at least for me). Most probably it has to do with something in your server.",
  "emotion":{
    "document":{
      "emotion":{
        "anger":0.055558,
        "disgust":0.007785,
        "fear":0.081913,
        "joy":0.259385,
        "sadness":0.447236
      }
    }
  },
  "info":{
    "issue":8825,
    "owner":"spyder-ide",
    "repository":"spyder",
    "user":"ccordoba12"
  },
  "language":"en",
  "usage":{
    "features":1,
    "text_characters":168,
    "text_units":1
  }
}