{
  "analyzed_text":"I have an idea to fix this, but it's too late for 4.2.1 (to be released next Friday). I'll try to implement it for 4.2.2",
  "emotion":{
    "document":{
      "emotion":{
        "anger":0.044719,
        "disgust":0.018938,
        "fear":0.095255,
        "joy":0.449139,
        "sadness":0.191486
      }
    }
  },
  "info":{
    "issue":13252,
    "owner":"spyder-ide",
    "repository":"spyder",
    "user":"ccordoba12"
  },
  "language":"en",
  "usage":{
    "features":1,
    "text_characters":120,
    "text_units":1
  }
}