{
  "analyzed_text":"@partha1968, that's a current limitation, sorry. Please see..link the reasons.",
  "emotion":{
    "document":{
      "emotion":{
        "anger":0.083824,
        "disgust":0.01499,
        "fear":0.182895,
        "joy":0.198441,
        "sadness":0.288013
      }
    }
  },
  "info":{
    "issue":5782,
    "owner":"spyder-ide",
    "repository":"spyder",
    "user":"ccordoba12"
  },
  "language":"en",
  "usage":{
    "features":1,
    "text_characters":78,
    "text_units":1
  }
}