{
  "analyzed_text":"> Fixed after update black...Great!..> I think that in those cases spyder should show some alerts as I had to check a lot of things to inf the real issue...We show a message to tell users that their dependencies are outdated, but unfortunately the latest Black came up with a breaking change after our latest version...Closing then as this is fixed now.",
  "emotion":{
    "document":{
      "emotion":{
        "anger":0.041229,
        "disgust":0.013804,
        "fear":0.029911,
        "joy":0.054539,
        "sadness":0.188664
      }
    }
  },
  "info":{
    "issue":17291,
    "owner":"spyder-ide",
    "repository":"spyder",
    "user":"ccordoba12"
  },
  "language":"en",
  "usage":{
    "features":1,
    "text_characters":353,
    "text_units":1
  }
}