{
  "analyzed_text":"Thanks @juanis2112 for opening this one! I thought you had forgotten about it...Please also remember to check if the selection color works well with strings and also check this for all the syntax highlighting themes we support.",
  "emotion":{
    "document":{
      "emotion":{
        "anger":0.027103,
        "disgust":0.018327,
        "fear":0.058124,
        "joy":0.495474,
        "sadness":0.293801
      }
    }
  },
  "info":{
    "issue":12857,
    "owner":"spyder-ide",
    "repository":"spyder",
    "user":"ccordoba12"
  },
  "language":"en",
  "usage":{
    "features":1,
    "text_characters":227,
    "text_units":1
  }
}