{
  "analyzed_text":"Hey @Ptiji, thanks for reporting. This seems like an error in Numpy, perhaps because you installed it with pip at some point. So you need to look for all places where you could have installed Numpy before and remove it...Furthermore, errors with Arch Linux or its derivatives need to reported to its maintainers because its Spyder package is always semi-broken, i.e. some parts work fine on it and others are totally broken. I think the Arch maintainers are aware that they are distributing a broken Spyder package, but (I don't know why) they do it anyway, which is really awful.",
  "emotion":{
    "document":{
      "emotion":{
        "anger":0.082763,
        "disgust":0.035231,
        "fear":0.136713,
        "joy":0.143541,
        "sadness":0.193947
      }
    }
  },
  "info":{
    "issue":18041,
    "owner":"spyder-ide",
    "repository":"spyder",
    "user":"ccordoba12"
  },
  "language":"en",
  "usage":{
    "features":1,
    "text_characters":580,
    "text_units":1
  }
}