{
  "analyzed_text":"The fix for this is harder and more complex than I expected. So I'm afraid we have to leave it for our next release (4.2.1).",
  "emotion":{
    "document":{
      "emotion":{
        "anger":0.130321,
        "disgust":0.005241,
        "fear":0.431585,
        "joy":0.044283,
        "sadness":0.306364
      }
    }
  },
  "info":{
    "issue":13288,
    "owner":"spyder-ide",
    "repository":"spyder",
    "user":"ccordoba12"
  },
  "language":"en",
  "usage":{
    "features":1,
    "text_characters":124,
    "text_units":1
  }
}