{
  "analyzed_text":"Agreed, this doesn't make sense. @mhdmyz, please don't report this issue again.",
  "emotion":{
    "document":{
      "emotion":{
        "anger":0.143785,
        "disgust":0.062253,
        "fear":0.111119,
        "joy":0.043686,
        "sadness":0.519316
      }
    }
  },
  "info":{
    "issue":14603,
    "owner":"spyder-ide",
    "repository":"spyder",
    "user":"ccordoba12"
  },
  "language":"en",
  "usage":{
    "features":1,
    "text_characters":79,
    "text_units":1
  }
}