{
  "analyzed_text":"> when i open the spyder it shows error has occurred in kernel..Please open a new issue and post the reported kernel error instead of trying to describe everything in the issue title.",
  "emotion":{
    "document":{
      "emotion":{
        "anger":0.045837,
        "disgust":0.017778,
        "fear":0.045061,
        "joy":0.017054,
        "sadness":0.453881
      }
    }
  },
  "info":{
    "issue":9771,
    "owner":"spyder-ide",
    "repository":"spyder",
    "user":"ccordoba12"
  },
  "language":"en",
  "usage":{
    "features":1,
    "text_characters":183,
    "text_units":1
  }
}