{
  "analyzed_text":"Hey @abudden and @juanis2112, I fixed this issue in our 5.0.2 version, released a couple of weeks ago. Let's hope it'll be added to Anaconda soon...If you disable \"Mute inline plotting\" and hide the Plots pane, it won't be shown again.",
  "emotion":{
    "document":{
      "emotion":{
        "anger":0.1062,
        "disgust":0.058046,
        "fear":0.05116,
        "joy":0.144791,
        "sadness":0.18027
      }
    }
  },
  "info":{
    "issue":15666,
    "owner":"spyder-ide",
    "repository":"spyder",
    "user":"ccordoba12"
  },
  "language":"en",
  "usage":{
    "features":1,
    "text_characters":235,
    "text_units":1
  }
}