{
  "analyzed_text":"@cpkc, @sharon92, I hid your comments because it's a really bad advice to tell people to install packages with pip in Anaconda. We warn time and time again about that, and we even produced [a video](link to tell people how to recover from that problem...If Ananconda fails after what you did, please see it to learn how to properly uninstall it and reinstall it again...@YIMINGMA, I also hid your comment, although it seems related to pip, because it gives the same advice and so it can be confusing for other Anaconda users.",
  "emotion":{
    "document":{
      "emotion":{
        "anger":0.092682,
        "disgust":0.057845,
        "fear":0.072225,
        "joy":0.029308,
        "sadness":0.15138
      }
    }
  },
  "info":{
    "issue":14687,
    "owner":"spyder-ide",
    "repository":"spyder",
    "user":"ccordoba12"
  },
  "language":"en",
  "usage":{
    "features":1,
    "text_characters":525,
    "text_units":1
  }
}