{
  "analyzed_text":"This should be fixed now in Spyder **4.1.1**. If that's not the case, please post a comment here.",
  "emotion":{
    "document":{
      "emotion":{
        "anger":0.078077,
        "disgust":0.057225,
        "fear":0.048254,
        "joy":0.151917,
        "sadness":0.21449
      }
    }
  },
  "info":{
    "issue":9991,
    "owner":"spyder-ide",
    "repository":"spyder",
    "user":"ccordoba12"
  },
  "language":"en",
  "usage":{
    "features":1,
    "text_characters":97,
    "text_units":1
  }
}