{
  "analyzed_text":"Thanks a lot @isabela-pf for your help! The message is still long but reads much better now. Besides, I hope people will read it with care once, then they won't give it too much thought...Do you plan to work on it a bit more? There's no problem if not, just let us know so @dalthviz can proceed with the implementation...> The only other thing that I thought might be useful is if the button lists what the result will be based on what is or isn't checked in the dialog. So nothing checked says what the default does \"Apply to New Consoles\" while checking the first box says \"Apply to Current Console.\" I don't know if this is possible, but it's an idea...I love this idea! It's a very good suggestion! And it's technically feasible, so @dalthviz could make it a reality.",
  "emotion":{
    "document":{
      "emotion":{
        "anger":0.099551,
        "disgust":0.075015,
        "fear":0.080699,
        "joy":0.369722,
        "sadness":0.287672
      }
    }
  },
  "info":{
    "issue":11357,
    "owner":"spyder-ide",
    "repository":"spyder",
    "user":"ccordoba12"
  },
  "language":"en",
  "usage":{
    "features":1,
    "text_characters":771,
    "text_units":1
  }
}