{
  "analyzed_text":"> (s4) me@mybox:~$ conda install spyder..I don't understand why this step didn't give you 4.1.4. However, I tried locally by running..    conda create -n foo -c conda-forge python=3.7 spyder..and I've got 4.1.4 (as expected). So, even if you're using miniforge, you probably need to set the channel priority to get packages from conda-forge instead of from the defaults channel...Could you post the output of..    conda list..to see the channel conda used to pull packages from?",
  "emotion":{
    "document":{
      "emotion":{
        "anger":0.115907,
        "disgust":0.014102,
        "fear":0.04572,
        "joy":0.295368,
        "sadness":0.280208
      }
    }
  },
  "info":{
    "issue":13288,
    "owner":"spyder-ide",
    "repository":"spyder",
    "user":"ccordoba12"
  },
  "language":"en",
  "usage":{
    "features":1,
    "text_characters":478,
    "text_units":1
  }
}