{
  "analyzed_text":"> I don't think the solution is simple, so it won't be possible to patch 4.2.1 with it..The fix turned out to be pretty simple (see PR #14565). Given its importance, I plan to include it in a new build for 4.2.1 (see link",
  "emotion":{
    "document":{
      "emotion":{
        "anger":0.029035,
        "disgust":0.005994,
        "fear":0.049891,
        "joy":0.505816,
        "sadness":0.337499
      }
    }
  },
  "info":{
    "issue":14480,
    "owner":"spyder-ide",
    "repository":"spyder",
    "user":"ccordoba12"
  },
  "language":"en",
  "usage":{
    "features":1,
    "text_characters":221,
    "text_units":1
  }
}