{
  "analyzed_text":"> I updated it through terminal by using conda updated --all it worked for couple of days fine.. is not a good command to use because it usually generates this kind of problems...I think the best you can do is to uninstall and reinstall Anaconda again. To learn how to properly do that, please see [our video](link",
  "emotion":{
    "document":{
      "emotion":{
        "anger":0.078027,
        "disgust":0.017149,
        "fear":0.11052,
        "joy":0.287227,
        "sadness":0.146904
      }
    }
  },
  "info":{
    "issue":11779,
    "owner":"spyder-ide",
    "repository":"spyder",
    "user":"ccordoba12"
  },
  "language":"en",
  "usage":{
    "features":1,
    "text_characters":314,
    "text_units":1
  }
}