{
  "analyzed_text":"Ok, that's fine. I just wanted to confirm what is your installation method...@mrclary, was this fixed when you moved IPython out of the zipped library?",
  "emotion":{
    "document":{
      "emotion":{
        "anger":0.078578,
        "disgust":0.011542,
        "fear":0.072953,
        "joy":0.444793,
        "sadness":0.125625
      }
    }
  },
  "info":{
    "issue":14713,
    "owner":"spyder-ide",
    "repository":"spyder",
    "user":"ccordoba12"
  },
  "language":"en",
  "usage":{
    "features":1,
    "text_characters":151,
    "text_units":1
  }
}