{
  "analyzed_text":"Please open a system terminal (e.g. xterm) and run there..    conda update qt pyqt sip..and try again.",
  "emotion":{
    "document":{
      "emotion":{
        "anger":0.02356,
        "disgust":0.034522,
        "fear":0.076629,
        "joy":0.485635,
        "sadness":0.129113
      }
    }
  },
  "info":{
    "issue":7369,
    "owner":"spyder-ide",
    "repository":"spyder",
    "user":"ccordoba12"
  },
  "language":"en",
  "usage":{
    "features":1,
    "text_characters":102,
    "text_units":1
  }
}