{
  "analyzed_text":"@impact27, how did you start Spyder? Using  or installing it in a separate conda env and running  from the terminal?",
  "emotion":{
    "document":{
      "emotion":{
        "anger":0.02699,
        "disgust":0.01835,
        "fear":0.179164,
        "joy":0.215294,
        "sadness":0.218668
      }
    }
  },
  "info":{
    "issue":14480,
    "owner":"spyder-ide",
    "repository":"spyder",
    "user":"ccordoba12"
  },
  "language":"en",
  "usage":{
    "features":1,
    "text_characters":116,
    "text_units":1
  }
}