{
  "analyzed_text":"Ok, then I can't help you further with this because I don't why that's happening and I haven't used conda-pack...Please open an issue in their repo to get additional feedback:..link",
  "emotion":{
    "document":{
      "emotion":{
        "anger":0.039888,
        "disgust":0.016806,
        "fear":0.038083,
        "joy":0.039951,
        "sadness":0.3503
      }
    }
  },
  "info":{
    "issue":16481,
    "owner":"spyder-ide",
    "repository":"spyder",
    "user":"ccordoba12"
  },
  "language":"en",
  "usage":{
    "features":1,
    "text_characters":181,
    "text_units":1
  }
}