{
  "analyzed_text":"> does erdewit/nest_asyncio#8 maybe help?..That looks really promising! But it'd need to added to ipykernel so all projects benefit from it...> vaexio/vaex#1546 might fix this, but I cannot use that solution as explained in the issue..Ok, then I think the best solution is to make the Qt and asyncio loops work together.",
  "emotion":{
    "document":{
      "emotion":{
        "anger":0.039444,
        "disgust":0.004079,
        "fear":0.062575,
        "joy":0.405508,
        "sadness":0.387711
      }
    }
  },
  "info":{
    "issue":16183,
    "owner":"spyder-ide",
    "repository":"spyder",
    "user":"ccordoba12"
  },
  "language":"en",
  "usage":{
    "features":1,
    "text_characters":320,
    "text_units":1
  }
}