{
  "analyzed_text":"Hey @optimxr, thanks for reporting. If Spyder is not starting for you, I'm afraid you'll have to either reinstall Anaconda or create a new environment for it...Besides, 5.1.5 is outdated. Since our latest version (5.3.0) is still not available in Anaconda, you have two options:..1. Use our Windows installer, which you can find [here](link Create a new environment with conda-forge packages. For that, please close Spyder, open the Anaconda Prompt and run the following commands there:..        conda create -n spyder-cf -c conda-forge spyder.        conda activate spyder-cf.        spyder..Please do that and let us know if it works for you.",
  "emotion":{
    "document":{
      "emotion":{
        "anger":0.041585,
        "disgust":0.096481,
        "fear":0.118744,
        "joy":0.310663,
        "sadness":0.19342
      }
    }
  },
  "info":{
    "issue":17688,
    "owner":"spyder-ide",
    "repository":"spyder",
    "user":"ccordoba12"
  },
  "language":"en",
  "usage":{
    "features":1,
    "text_characters":644,
    "text_units":1
  }
}