{
  "analyzed_text":"Hey @lorenzznerol, I'm really glad you found the cause of your linting issues, and even more to read our linter bugs seem to be a thing of the past...I hope you really enjoy using Spyder from now on.",
  "emotion":{
    "document":{
      "emotion":{
        "anger":0.006325,
        "disgust":0.036893,
        "fear":0.028843,
        "joy":0.415148,
        "sadness":0.048845
      }
    }
  },
  "info":{
    "issue":13381,
    "owner":"spyder-ide",
    "repository":"spyder",
    "user":"ccordoba12"
  },
  "language":"en",
  "usage":{
    "features":1,
    "text_characters":199,
    "text_units":1
  }
}