{
  "analyzed_text":"@Dendraspis , I am performing a test here, on my i7, with a video 1920x1080p encoding with aomenc (number cpu = 5, q =30):.1st pass => memory usage of aomenc.exe approximates 350MB.2nd pass => memory usage of aomenc.exe approximates 800MB..This seems reasonable since, in comparison, x265 uses approximately 1.1GB memory in similar conditions! Both using Avisynth of course, since this thread is about aomenc+avisynth since the beginning!..",
  "emotion":{
    "document":{
      "emotion":{
        "anger":0.02168,
        "disgust":0.007995,
        "fear":0.056046,
        "joy":0.468812,
        "sadness":0.199237
      }
    }
  },
  "info":{
    "issue":488,
    "owner":"staxrip",
    "repository":"staxrip",
    "user":"ghost"
  },
  "language":"en",
  "usage":{
    "features":1,
    "text_characters":440,
    "text_units":1
  }
}