{
  "analyzed_text":"Great, be sure to use the exact same settings in both tests! Can't wait to see the result!",
  "emotion":{
    "document":{
      "emotion":{
        "anger":0.046876,
        "disgust":0.029493,
        "fear":0.053823,
        "joy":0.343019,
        "sadness":0.193698
      }
    }
  },
  "info":{
    "issue":488,
    "owner":"staxrip",
    "repository":"staxrip",
    "user":"ghost"
  },
  "language":"en",
  "usage":{
    "features":1,
    "text_characters":90,
    "text_units":1
  }
}