{
  "analyzed_text":"Would that be a mkvextract or mkvmerge bug? In that case it should be reported.",
  "emotion":{
    "document":{
      "emotion":{
        "anger":0.315231,
        "disgust":0.089854,
        "fear":0.270574,
        "joy":0.026457,
        "sadness":0.178023
      }
    }
  },
  "info":{
    "issue":489,
    "owner":"staxrip",
    "repository":"staxrip",
    "user":"stax76"
  },
  "language":"en",
  "usage":{
    "features":1,
    "text_characters":79,
    "text_units":1
  }
}