{
  "analyzed_text":"@Dendraspis @DillFrescott I have a solution. I will not report that to them (which I can't locate still)...That's an exception that their team must conceptually solve... You need to place a keyframe, apparently yet you can not for some reason.... I guess they'll find out about it.....FIX = SET **kf-max-dist=120**.I read somewhere you should set it to 5*fps.tried also 125, and 150, worked... I'm still not sure what kind or problem we're working around here 😕 ",
  "emotion":{
    "document":{
      "emotion":{
        "anger":0.103969,
        "disgust":0.016302,
        "fear":0.103012,
        "joy":0.18183,
        "sadness":0.302651
      }
    }
  },
  "info":{
    "issue":488,
    "owner":"staxrip",
    "repository":"staxrip",
    "user":"ghost"
  },
  "language":"en",
  "usage":{
    "features":1,
    "text_characters":462,
    "text_units":1
  }
}