{
  "analyzed_text":"Look here is how the documentation works:..![SNAG-0001](link this should clearly remove any doubts:..![snagg](link --pass 2 is the last pass !.",
  "emotion":{
    "document":{
      "emotion":{
        "anger":0.064235,
        "disgust":0.018055,
        "fear":0.270215,
        "joy":0.176116,
        "sadness":0.21845
      }
    }
  },
  "info":{
    "issue":389,
    "owner":"staxrip",
    "repository":"staxrip",
    "user":"ghost"
  },
  "language":"en",
  "usage":{
    "features":1,
    "text_characters":143,
    "text_units":1
  }
}