{
  "analyzed_text":"So this is the known problem of .m2ts.@stax76 if you want to have such a file, you can download the chameleon.m2ts that we have already used previously..Here's the link: link the file: chameleon....",
  "emotion":{
    "document":{
      "emotion":{
        "anger":0.020685,
        "disgust":0.005423,
        "fear":0.130724,
        "joy":0.05948,
        "sadness":0.74385
      }
    }
  },
  "info":{
    "issue":632,
    "owner":"staxrip",
    "repository":"staxrip",
    "user":"ghost"
  },
  "language":"en",
  "usage":{
    "features":1,
    "text_characters":198,
    "text_units":1
  }
}