{
  "analyzed_text":"@darkcity87 ..SMDegrain is fixed in the last hotfix...> can you add code comments for Turkish relevant code like last time if not added yet..It should not happen again because ToLowerInvariant and ToUpperInvariant is now used everywhere and normal ToLower and ToUpper will not be used again anywhere in the future.",
  "emotion":{
    "document":{
      "emotion":{
        "anger":0.039328,
        "disgust":0.010663,
        "fear":0.051192,
        "joy":0.235977,
        "sadness":0.118174
      }
    }
  },
  "info":{
    "issue":543,
    "owner":"staxrip",
    "repository":"staxrip",
    "user":"stax76"
  },
  "language":"en",
  "usage":{
    "features":1,
    "text_characters":314,
    "text_units":1
  }
}