{
  "analyzed_text":"That looks like a memory leak. This could be the issue. What is the size of your video ? 1920x1080 or more ?",
  "emotion":{
    "document":{
      "emotion":{
        "anger":0.060132,
        "disgust":0.122091,
        "fear":0.142294,
        "joy":0.222531,
        "sadness":0.326381
      }
    }
  },
  "info":{
    "issue":488,
    "owner":"staxrip",
    "repository":"staxrip",
    "user":"ghost"
  },
  "language":"en",
  "usage":{
    "features":1,
    "text_characters":108,
    "text_units":1
  }
}