{
  "analyzed_text":"can you already post the log of the first test please ? and give us the size of the temp file [your video name].webm.You can probably watch that video on mpv.net (it will sure play video only, but it'll give you the **time index** of the film where the crash happened)",
  "emotion":{
    "document":{
      "emotion":{
        "anger":0.043392,
        "disgust":0.061695,
        "fear":0.285974,
        "joy":0.095348,
        "sadness":0.198695
      }
    }
  },
  "info":{
    "issue":488,
    "owner":"staxrip",
    "repository":"staxrip",
    "user":"ghost"
  },
  "language":"en",
  "usage":{
    "features":1,
    "text_characters":268,
    "text_units":1
  }
}