{
  "analyzed_text":"@44vince44 ..We can try changing the defaults so .m2ts is remuxed to mkv using ffmpeg...@papa-pitufo ..How was your .m2ts file created?",
  "emotion":{
    "document":{
      "emotion":{
        "anger":0.488566,
        "disgust":0.012682,
        "fear":0.095819,
        "joy":0.132716,
        "sadness":0.122807
      }
    }
  },
  "info":{
    "issue":632,
    "owner":"staxrip",
    "repository":"staxrip",
    "user":"stax76"
  },
  "language":"en",
  "usage":{
    "features":1,
    "text_characters":135,
    "text_units":1
  }
}