{
  "analyzed_text":"I've created a project to track multi-touch gestures inside apps: link",
  "emotion":{
    "document":{
      "emotion":{
        "anger":0.010046,
        "disgust":0.070105,
        "fear":0.028519,
        "joy":0.738696,
        "sadness":0.114465
      }
    }
  },
  "info":{
    "issue":16,
    "owner":null,
    "repository":"switchboard-plug-mouse-touchpad",
    "user":"danrabbit"
  },
  "language":"en",
  "usage":{
    "features":1,
    "text_characters":70,
    "text_units":1
  }
}