{
  "analyzed_text":"Thank you @andrerom. ..Removing the adders makes it easier. I like  and . ",
  "emotion":{
    "document":{
      "emotion":{
        "anger":0.091543,
        "disgust":0.056189,
        "fear":0.090129,
        "joy":0.35958,
        "sadness":0.182776
      }
    }
  },
  "info":{
    "issue":19728,
    "owner":"symfony",
    "repository":"symfony",
    "user":"Nyholm"
  },
  "language":"en",
  "usage":{
    "features":1,
    "text_characters":74,
    "text_units":1
  }
}