{
  "analyzed_text":"I suppose this should be seperate from syncthing.\n\nIdeally, it would also include a tray icon (pretty sure there has been work done on that already) and inotify support.\n",
  "emotion":{
    "document":{
      "emotion":{
        "anger":0.077934,
        "disgust":0.076652,
        "fear":0.131113,
        "joy":0.337113,
        "sadness":0.118239
      }
    }
  },
  "info":{
    "issue":516,
    "owner":"syncthing",
    "repository":"syncthing",
    "user":"Nutomic"
  },
  "language":"en",
  "usage":{
    "features":1,
    "text_characters":170,
    "text_units":1
  }
}