{
  "analyzed_text":"@djtm\nFrom a developer resources standpoint you're right. This is a huge deal. But the thing is if we were to use yet another application to encrypt data then all the security of Syncthing is just an overhead.\n\nAES CBC or CTR with IV is a lot more resilient - to changes as well - than you make it sound.\nI also use full disk encryption on my computers, so it's superfluous to encrypt everything again just so an untrusted node can sync it. I'm thinking about something like encfs' reverse mode.\n",
  "emotion":{
    "document":{
      "emotion":{
        "anger":0.067274,
        "disgust":0.022943,
        "fear":0.143044,
        "joy":0.360556,
        "sadness":0.230154
      }
    }
  },
  "info":{
    "issue":109,
    "owner":"syncthing",
    "repository":"syncthing",
    "user":"ghost"
  },
  "language":"en",
  "usage":{
    "features":1,
    "text_characters":496,
    "text_units":1
  }
}