{
  "analyzed_text":"Thanks for your suggestion. While front matter is not really specified in commonmark, I still agree that we should make sure that it is not changed. So we should make sure to strip it from the markdown parsing and add a simple code block for editing at the beginning of the document.",
  "emotion":{
    "document":{
      "emotion":{
        "anger":0.17586,
        "disgust":0.02507,
        "fear":0.037808,
        "joy":0.584912,
        "sadness":0.053017
      }
    }
  },
  "info":{
    "issue":145,
    "owner":"nextcloud",
    "repository":"text",
    "user":"juliushaertl"
  },
  "language":"en",
  "usage":{
    "features":1,
    "text_characters":283,
    "text_units":1
  }
}