{
  "analyzed_text":"> Plain text editor is an app but unless you modify the app's xml info it will not run on v18. What version of NC are you running?..It will as it is now released to the app store...As a general comment on both split view as well as plain text markdown editing let me quote myself here again: link ... unfortunately I don't see a way to bring this together with the collaborative editing. Prosemirror uses a document model that in our case either supports plaintext or rich editing, but not both at the same time. We have proper plaintext support for non-markdown files with #129 and rich editing for markdown files, which should cover most of the use cases. The markdown editor will still continue to work like before and can be used besides the text app...> Since we aimed for a rich editor this is out of scope for the text app...So closing this as a won't fix.",
  "emotion":{
    "document":{
      "emotion":{
        "anger":0.100184,
        "disgust":0.01874,
        "fear":0.05785,
        "joy":0.241846,
        "sadness":0.17961
      }
    }
  },
  "info":{
    "issue":439,
    "owner":"nextcloud",
    "repository":"text",
    "user":"juliushaertl"
  },
  "language":"en",
  "usage":{
    "features":1,
    "text_characters":863,
    "text_units":1
  }
}