{
  "analyzed_text":"> GET /nextcloud/ocs/v2.php/apps/text/workspace?path=%2F HTTP/1.1\" 404..The 404 is expected here, as when you don't have a rich workspace (README.md) file in your directory we return a 404 to tell that to the frontend.",
  "emotion":{
    "document":{
      "emotion":{
        "anger":0.05139,
        "disgust":0.012421,
        "fear":0.044691,
        "joy":0.097021,
        "sadness":0.709756
      }
    }
  },
  "info":{
    "issue":676,
    "owner":"nextcloud",
    "repository":"text",
    "user":"juliushaertl"
  },
  "language":"en",
  "usage":{
    "features":1,
    "text_characters":218,
    "text_units":1
  }
}