{
  "analyzed_text":"> .> .> Third-party cookies block?..This was the issue. Wasn't aware that would break it. Thank you...",
  "emotion":{
    "document":{
      "emotion":{
        "anger":0.063264,
        "disgust":0.047078,
        "fear":0.17204,
        "joy":0.093817,
        "sadness":0.523927
      }
    }
  },
  "info":{
    "issue":114,
    "owner":"tegon",
    "repository":"traktflix",
    "user":"seniorm0ment"
  },
  "language":"en",
  "usage":{
    "features":1,
    "text_characters":102,
    "text_units":1
  }
}