{
  "analyzed_text":"Now you can do everything except level up your character?",
  "emotion":{
    "document":{
      "emotion":{
        "anger":0.039107,
        "disgust":0.213977,
        "fear":0.147237,
        "joy":0.405627,
        "sadness":0.160739
      }
    }
  },
  "info":{
    "issue":6,
    "owner":"suriyun-production",
    "repository":"turnbase-rpg-docs",
    "user":"insthync"
  },
  "language":"en",
  "usage":{
    "features":1,
    "text_characters":57,
    "text_units":1
  }
}