{
  "analyzed_text":"@theblackhole the URL seems to be link (look at the html source on the releases page)",
  "emotion":{
    "document":{
      "emotion":{
        "anger":0.448612,
        "disgust":0.077947,
        "fear":0.043338,
        "joy":0.10539,
        "sadness":0.13225
      }
    }
  },
  "info":{
    "issue":246,
    "owner":"dani-garcia",
    "repository":"vaultwarden",
    "user":"ptman"
  },
  "language":"en",
  "usage":{
    "features":1,
    "text_characters":85,
    "text_units":1
  }
}