{
  "analyzed_text":"Confirmed issue is also in binary distributed in the App Store. Light and dark mode...- macOS version: 10.14.6.- Safari version: 13.0.1.- Vimari version: 2.0.3",
  "emotion":{
    "document":{
      "emotion":{
        "anger":0.022186,
        "disgust":0.010773,
        "fear":0.067188,
        "joy":0.08761,
        "sadness":0.57071
      }
    }
  },
  "info":{
    "issue":153,
    "owner":"televator-apps",
    "repository":"vimari",
    "user":"cloin"
  },
  "language":"en",
  "usage":{
    "features":1,
    "text_characters":159,
    "text_units":1
  }
}