{
  "analyzed_text":"> The underlying problem is that language extensions want a way to be able to add arbitrary environment variables (or append/prepend to existing ones) to all terminals created but they cannot intercept the creation...Correct. The issue is that users change the SDK inside the VS Code settings, and then try to run commands in the terminal and they seem to be using \"the old SDK\" and not the one they just selected...> > The setting isn't specific to the extension or the terminal, it's a generic way for the user to tell anyone that cares that they have some preferred paths for this workspace that should be searched before PATH..> .> I disagree with this, this should be specific to the terminal and not be used by any other feature..My point is that we want *one* place to put a path that will be used for:..1. The Terminal.2. The extension finding its SDK..It does not make sense to put something inside a setting called  and say that's how an extension finds it SDK, and it does not make the sense to tell the user they need to set the SDK both in the extension settings and in these settings (nor does it make much sense for the extension to be trying to update this value as the SDK is changed IMO). This is what I said at link The request is that there is a *single place* a user can put a PATH that will be used both by the terminal and the extension (which is why I proposed a generic non-terminal-specific name).",
  "emotion":{
    "document":{
      "emotion":{
        "anger":0.057385,
        "disgust":0.010663,
        "fear":0.045619,
        "joy":0.245022,
        "sadness":0.461908
      }
    }
  },
  "info":{
    "issue":46696,
    "owner":"microsoft",
    "repository":"vscode",
    "user":"DanTup"
  },
  "language":"en",
  "usage":{
    "features":1,
    "text_characters":1423,
    "text_units":1
  }
}