{
  "analyzed_text":"The fix was apparently ported back to the latest v4 release. Some comments at link about it.",
  "emotion":{
    "document":{
      "emotion":{
        "anger":0.066953,
        "disgust":0.014863,
        "fear":0.086587,
        "joy":0.161062,
        "sadness":0.457068
      }
    }
  },
  "info":{
    "issue":106,
    "owner":"microsoft",
    "repository":"vscode-extension-vscode",
    "user":"DanTup"
  },
  "language":"en",
  "usage":{
    "features":1,
    "text_characters":92,
    "text_units":1
  }
}