{
  "analyzed_text":"> This seems overkill to me, isn't it obvious to most users that terminals won't have access to Dart/Python for example if you had a terminal opened before installing the ext?..Before installing the extension it maybe, but I don't think that's the only issue with having extensions register something during activation because visible terminals may still initialise before the extension has registered when opening a project?",
  "emotion":{
    "document":{
      "emotion":{
        "anger":0.048975,
        "disgust":0.006797,
        "fear":0.024066,
        "joy":0.0424,
        "sadness":0.409257
      }
    }
  },
  "info":{
    "issue":46696,
    "owner":"microsoft",
    "repository":"vscode",
    "user":"DanTup"
  },
  "language":"en",
  "usage":{
    "features":1,
    "text_characters":425,
    "text_units":1
  }
}