{
  "analyzed_text":"if some policy keeps vscode from being uploaded to the microsoft store then obv the policy is wrong..I have told microsoft a million times already to fire evryone that is working on that project...",
  "emotion":{
    "document":{
      "emotion":{
        "anger":0.044902,
        "disgust":0.028017,
        "fear":0.064897,
        "joy":0.011032,
        "sadness":0.687814
      }
    }
  },
  "info":{
    "issue":10759,
    "owner":"microsoft",
    "repository":"vscode",
    "user":"NicTanghe"
  },
  "language":"en",
  "usage":{
    "features":1,
    "text_characters":197,
    "text_units":1
  }
}