{
  "analyzed_text":"- VSCode Version: 1.7.- OS Version: Windows 10..I can't find any good information on the relationship between the Code  version in  and versions of other parts (like the  )...It seems that updating the  number causes a new  to be downloaded when I run , however I believe that also sets the minimum required Code version to install the extension...If that's correct, I'm not sure how I can get the latest  so that I can (for example) add [](link support but still allow the extension to be installed by Code 1.6 users?..It's also not clear how the other versions relate - do I need to move the   version forwards whenever I update the  version? If so, is there a table of the min versions that work together?..Apologies if this is covered somewhere - I can't find it. Maybe if it doesn't exist, it's worth a small page in the extension docs explaining the relationship between these versions and the process/implications of updating each one.",
  "emotion":{
    "document":{
      "emotion":{
        "anger":0.022924,
        "disgust":0.015529,
        "fear":0.114718,
        "joy":0.164827,
        "sadness":0.251458
      }
    }
  },
  "info":{
    "issue":15064,
    "owner":"microsoft",
    "repository":"vscode",
    "user":"DanTup"
  },
  "language":"en",
  "usage":{
    "features":1,
    "text_characters":942,
    "text_units":1
  }
}