{
  "analyzed_text":"I did have this on my list to try and look at, but I never gotten around to it. I think it's unlikely to happen anytime soon so it may be better for someone else to look at...(I do a lot of people would benefit in fixing - many issues have been closed as dupes of this, though is in the backlog marked as debt, when the above is really a bug).",
  "emotion":{
    "document":{
      "emotion":{
        "anger":0.048468,
        "disgust":0.019844,
        "fear":0.151624,
        "joy":0.311395,
        "sadness":0.225417
      }
    }
  },
  "info":{
    "issue":34026,
    "owner":"microsoft",
    "repository":"vscode",
    "user":"DanTup"
  },
  "language":"en",
  "usage":{
    "features":1,
    "text_characters":343,
    "text_units":1
  }
}