{
  "analyzed_text":"@isidorn Is anyone able to review the comments above? Am I misreading the code or is this a bug that means this will never work? :(",
  "emotion":{
    "document":{
      "emotion":{
        "anger":0.042162,
        "disgust":0.024974,
        "fear":0.096794,
        "joy":0.083678,
        "sadness":0.526945
      }
    }
  },
  "info":{
    "issue":34026,
    "owner":"microsoft",
    "repository":"vscode",
    "user":"DanTup"
  },
  "language":"en",
  "usage":{
    "features":1,
    "text_characters":131,
    "text_units":1
  }
}