{
  "analyzed_text":"@jrieken issues about  not firing immediately have been closed as dupes of this (for ex #84505).",
  "emotion":{
    "document":{
      "emotion":{
        "anger":0.231234,
        "disgust":0.029374,
        "fear":0.037066,
        "joy":0.034484,
        "sadness":0.308839
      }
    }
  },
  "info":{
    "issue":15178,
    "owner":"microsoft",
    "repository":"vscode",
    "user":"DanTup"
  },
  "language":"en",
  "usage":{
    "features":1,
    "text_characters":96,
    "text_units":1
  }
}