{
  "analyzed_text":"Yeah sorry I saw your reply and then got busy. ..Haven't tested but looks like you're on the right track with it.",
  "emotion":{
    "document":{
      "emotion":{
        "anger":0.1733,
        "disgust":0.027863,
        "fear":0.082983,
        "joy":0.401604,
        "sadness":0.213432
      }
    }
  },
  "info":{
    "issue":12,
    "owner":"antoine92190",
    "repository":"vue-advanced-chat",
    "user":"mryellow"
  },
  "language":"en",
  "usage":{
    "features":1,
    "text_characters":113,
    "text_units":1
  }
}