{
  "analyzed_text":"> Thanks for digging that up @mfreed7! And yeah, as @bathos shows we did in fact add the opt-out..> .> @rniwa until  is called there is no definition for the element, right?  will throw if that's the case. So that case is already covered as far as I can tell... being called doesn't mean the constructor is the only thing running. While each element is getting upgraded, other scripts can access other yet-to-be-upgraded elements..",
  "emotion":{
    "document":{
      "emotion":{
        "anger":0.088842,
        "disgust":0.062613,
        "fear":0.118967,
        "joy":0.242373,
        "sadness":0.33439
      }
    }
  },
  "info":{
    "issue":871,
    "owner":"WICG",
    "repository":"webcomponents",
    "user":"rniwa"
  },
  "language":"en",
  "usage":{
    "features":1,
    "text_characters":431,
    "text_units":1
  }
}