{
  "analyzed_text":"> MutationObserver is not something which completes my requirement..Why? MutationObserver lets you observe when child elements are inserted or removed. That's exactly when you should be running the logic to update your container element...In general, the idea of all children being ready is flawed since an element can be inserted or removed dynamically.",
  "emotion":{
    "document":{
      "emotion":{
        "anger":0.032182,
        "disgust":0.058448,
        "fear":0.123961,
        "joy":0.422626,
        "sadness":0.098593
      }
    }
  },
  "info":{
    "issue":587,
    "owner":"WICG",
    "repository":"webcomponents",
    "user":"rniwa"
  },
  "language":"en",
  "usage":{
    "features":1,
    "text_characters":354,
    "text_units":1
  }
}