{
  "analyzed_text":"I don't think we should use a completely different name like .  You might be well versed with all the terms in web components but a typical Web developer already has to deal with terms like shadow DOM and slots.  Introducing yet another arbitrary term like _distribution_ is only doing disservice to the developer ergonomics.  In general, our industry is _completely insane_ for making up all these words. We need to stop doing that.\n\nHaving said that, the only name I can think of will be  if  is confusing.\n",
  "emotion":{
    "document":{
      "emotion":{
        "anger":0.291306,
        "disgust":0.043759,
        "fear":0.124025,
        "joy":0.08928,
        "sadness":0.309822
      }
    }
  },
  "info":{
    "issue":92,
    "owner":"WICG",
    "repository":"webcomponents",
    "user":"rniwa"
  },
  "language":"en",
  "usage":{
    "features":1,
    "text_characters":509,
    "text_units":1
  }
}