{
  "analyzed_text":"> link and link you're talking about our proposal...> Regarding declarative shadow roots, here is the issue link which was closed due to the lack of a concrete proposal...Right. For each one of these, it would be ideal if people can come up with proposals beforehand instead of brainstorming at TPAC.",
  "emotion":{
    "document":{
      "emotion":{
        "anger":0.026294,
        "disgust":0.005804,
        "fear":0.065543,
        "joy":0.431762,
        "sadness":0.225281
      }
    }
  },
  "info":{
    "issue":641,
    "owner":"WICG",
    "repository":"webcomponents",
    "user":"rniwa"
  },
  "language":"en",
  "usage":{
    "features":1,
    "text_characters":300,
    "text_units":1
  }
}