{
  "analyzed_text":"The problem here is that  must be made from your custom element to 's constructor, and 's constructor has no way of knowing inside which context the element was created when  is called.  See discussions in link\n\nIt is possible that we can extend the existing API to allow this use case by adding  which sets a special flag on the construction stack to indicate that a given custom element belongs to a specific shadow tree but this would mean that  wouldn't work for such custom elements.\n",
  "emotion":{
    "document":{
      "emotion":{
        "anger":0.02584,
        "disgust":0.085693,
        "fear":0.057596,
        "joy":0.436156,
        "sadness":0.159561
      }
    }
  },
  "info":{
    "issue":488,
    "owner":"WICG",
    "repository":"webcomponents",
    "user":"rniwa"
  },
  "language":"en",
  "usage":{
    "features":1,
    "text_characters":489,
    "text_units":1
  }
}