{
  "analyzed_text":"> > That's a separate concern, which is more about creating a custom form control element, and not about sending custom data as a part of a form submission..>.> I highly suspect folks will couple these though (e.g., the  class above), so anything we come up with will need to be able to address both, even if we only define/ship a subset at first. If folks will use it as such though I think that not addressing labeling straight away would be rather bad from an end user usability and accessibility perspective...Sure, I have no doubt they need to be able to work together but they don't need to be tied together in terms of API.",
  "emotion":{
    "document":{
      "emotion":{
        "anger":0.037738,
        "disgust":0.032522,
        "fear":0.062347,
        "joy":0.31481,
        "sadness":0.310189
      }
    }
  },
  "info":{
    "issue":187,
    "owner":"WICG",
    "repository":"webcomponents",
    "user":"rniwa"
  },
  "language":"en",
  "usage":{
    "features":1,
    "text_characters":630,
    "text_units":1
  }
}