{
  "analyzed_text":"Please file a new issue to discuss that kind of proposal. This issue is used as a meta bug for tracking issues pertaining internal referencing used in SVG.",
  "emotion":{
    "document":{
      "emotion":{
        "anger":0.050098,
        "disgust":0.015147,
        "fear":0.045576,
        "joy":0.216416,
        "sadness":0.380467
      }
    }
  },
  "info":{
    "issue":179,
    "owner":"WICG",
    "repository":"webcomponents",
    "user":"rniwa"
  },
  "language":"en",
  "usage":{
    "features":1,
    "text_characters":155,
    "text_units":1
  }
}