{
  "analyzed_text":"First off, it's literally impossible to have children or attributes before an element is constructed because we can't add children to an element yet to exist. Just think about the way a JS code would construct an element:...In the case of upgrading, however, the element already exists in the tree, and we're iterating over them to instantiate. In particular, if a custom element definition comes in a deferred script or an async script, then the custom elements that already exist in the document needs to be upgraded...We could have gone our way to delete attributes & detach from children, but that would have caused serious performance issues in addition to flush of content.",
  "emotion":{
    "document":{
      "emotion":{
        "anger":0.052108,
        "disgust":0.022243,
        "fear":0.047255,
        "joy":0.215271,
        "sadness":0.108862
      }
    }
  },
  "info":{
    "issue":551,
    "owner":"WICG",
    "repository":"webcomponents",
    "user":"rniwa"
  },
  "language":"en",
  "usage":{
    "features":1,
    "text_characters":679,
    "text_units":1
  }
}