{
  "analyzed_text":"The problem I have with UA stylesheet is that it would then cascade differently when an actual shadow root is attached on the element. Also  rules set in UA stylesheets override  rules in user stylesheets. It's highly undesirable for authors to be able to override  rules in the user stylesheets.",
  "emotion":{
    "document":{
      "emotion":{
        "anger":0.048053,
        "disgust":0.018109,
        "fear":0.07356,
        "joy":0.162862,
        "sadness":0.093052
      }
    }
  },
  "info":{
    "issue":468,
    "owner":"WICG",
    "repository":"webcomponents",
    "user":"rniwa"
  },
  "language":"en",
  "usage":{
    "features":1,
    "text_characters":296,
    "text_units":1
  }
}