{
  "analyzed_text":"@esprehn : That doesn't seem like a great developer ergonomics.  If that's acceptable, and the developers are expected to check whether something has changed for real and/or what has changed, then why don't we just fire an asynchronous event instead?\n\nIt just doesn't make sense for browsers to be creating useless mutation record objects for each potential change when the author is going to ignore all those records and check whether something has changed themselves.  It also makes mutation observer API less coherent because no other mutation type does this.\n",
  "emotion":{
    "document":{
      "emotion":{
        "anger":0.055093,
        "disgust":0.026689,
        "fear":0.026685,
        "joy":0.277415,
        "sadness":0.178723
      }
    }
  },
  "info":{
    "issue":288,
    "owner":"WICG",
    "repository":"webcomponents",
    "user":"rniwa"
  },
  "language":"en",
  "usage":{
    "features":1,
    "text_characters":563,
    "text_units":1
  }
}