{
  "analyzed_text":"> > We'd object to adding this functionality for builtins as I've already mentioned during F2F..> .> I'm sorry, but I can't recall the specifics of that discussion. Can you summarize t..The objection are two folds:.. *  and  should be about custom elements, not builtin elements. None of existing methods do anything with builtin elements.. * WebKit doesn't have a mapping of builtin element constructor objects to local names, and we don't want to introduce one just for this API.",
  "emotion":{
    "document":{
      "emotion":{
        "anger":0.048295,
        "disgust":0.029621,
        "fear":0.171667,
        "joy":0.227504,
        "sadness":0.185092
      }
    }
  },
  "info":{
    "issue":566,
    "owner":"WICG",
    "repository":"webcomponents",
    "user":"rniwa"
  },
  "language":"en",
  "usage":{
    "features":1,
    "text_characters":481,
    "text_units":1
  }
}