{
  "analyzed_text":"@annevk : It don't think it is. Blink was able to implement it in less than one month, and I'm sure we can do the same should we decide to implement in our engine. We don't need to create a real shadow root in that case either. We just need to hook it up with our style engine to emulate as if there is a shadow root.",
  "emotion":{
    "document":{
      "emotion":{
        "anger":0.042857,
        "disgust":0.021319,
        "fear":0.296723,
        "joy":0.263475,
        "sadness":0.226725
      }
    }
  },
  "info":{
    "issue":468,
    "owner":"WICG",
    "repository":"webcomponents",
    "user":"rniwa"
  },
  "language":"en",
  "usage":{
    "features":1,
    "text_characters":317,
    "text_units":1
  }
}