{
  "analyzed_text":"> Devs A, B, and C all add various bits of native button functionality to their 'buttons', some based on need, others based on time and effort, but all of them, even the ones who try to achieve nearly the same thing, will result in heterogeneous native-recreation attempts. What you end up with is hundreds of common button-esque implementations that are unintentionally jagged, just-off versions of native, expected button functionality...But how would that be different in the world of ? One can override some aspects of builtin elements using  without fully making other aspects compatible. For example, you can just attach a shadow root on a builtin element, insert a bunch of divs to change the appearance, and then forget to specify ARIA. The browser engine then has no way to making it accessible.",
  "emotion":{
    "document":{
      "emotion":{
        "anger":0.030577,
        "disgust":0.01155,
        "fear":0.056812,
        "joy":0.377198,
        "sadness":0.105572
      }
    }
  },
  "info":{
    "issue":509,
    "owner":"WICG",
    "repository":"webcomponents",
    "user":"rniwa"
  },
  "language":"en",
  "usage":{
    "features":1,
    "text_characters":804,
    "text_units":1
  }
}