{
  "analyzed_text":"Well, if we can't do Mon-Tue or Thu-Fri, then I probably need to call in instead of being there in person. I'm sorry but I have managerial obligations from mid-February to early April. I can only attend this meeting in person if it consumes at most two business days during that period. Tue-Wed would have been okay if it were held in Toronto because then I can fly there on Mon evening and fly back on Wed evening but if it's in Tokyo, there isn't really a way.",
  "emotion":{
    "document":{
      "emotion":{
        "anger":0.166558,
        "disgust":0.016352,
        "fear":0.057004,
        "joy":0.12073,
        "sadness":0.421806
      }
    }
  },
  "info":{
    "issue":713,
    "owner":"WICG",
    "repository":"webcomponents",
    "user":"rniwa"
  },
  "language":"en",
  "usage":{
    "features":1,
    "text_characters":462,
    "text_units":1
  }
}