{
  "analyzed_text":"After discussing briefly with my colleagues, we like option 2 for its consistency with the existing model.\n",
  "emotion":{
    "document":{
      "emotion":{
        "anger":0.026227,
        "disgust":0.016004,
        "fear":0.014564,
        "joy":0.479938,
        "sadness":0.347009
      }
    }
  },
  "info":{
    "issue":316,
    "owner":"WICG",
    "repository":"webcomponents",
    "user":"rniwa"
  },
  "language":"en",
  "usage":{
    "features":1,
    "text_characters":107,
    "text_units":1
  }
}