{
  "analyzed_text":"- [x] I read recently that using inline buttons instead of comboboxes increases conversions. Since we have to take up all that horizontal space anyways, can we use buttons (like the selector on the homepage) for sizes?\n- [x] I still think we need an explicit \"remove\" button somewhere in the cart for items\n",
  "emotion":{
    "document":{
      "emotion":{
        "anger":0.063972,
        "disgust":0.057016,
        "fear":0.190239,
        "joy":0.190771,
        "sadness":0.14218
      }
    }
  },
  "info":{
    "issue":1254,
    "owner":"flutter",
    "repository":"website",
    "user":"danrabbit"
  },
  "language":"en",
  "usage":{
    "features":1,
    "text_characters":307,
    "text_units":1
  }
}