{
  "analyzed_text":"Download links expire intentionally. Downloads are balanced across localized servers. Distrowatch attempts to circumvent this system as well as our payments system. They should link to our homepage. We’ve informed Distrowatch of this behavior, but they don’t care",
  "emotion":{
    "document":{
      "emotion":{
        "anger":0.105528,
        "disgust":0.048597,
        "fear":0.114719,
        "joy":0.132906,
        "sadness":0.302091
      }
    }
  },
  "info":{
    "issue":2134,
    "owner":"flutter",
    "repository":"website",
    "user":"danrabbit"
  },
  "language":"en",
  "usage":{
    "features":1,
    "text_characters":263,
    "text_units":1
  }
}