{
  "analyzed_text":"Please feel free to make a new one and share it here. Make sure there's no private data in that screenshot. It has to be generic and representative, so I'd recommend to show some random content from the latest trending channels or so if you need some example video to showcase features.",
  "emotion":{
    "document":{
      "emotion":{
        "anger":0.043596,
        "disgust":0.025865,
        "fear":0.051496,
        "joy":0.743927,
        "sadness":0.075598
      }
    }
  },
  "info":{
    "issue":128,
    "owner":"flutter",
    "repository":"website",
    "user":"TheAssassin"
  },
  "language":"en",
  "usage":{
    "features":1,
    "text_characters":286,
    "text_units":1
  }
}