{
  "analyzed_text":"<!-- Thanks for filing an issue! Before submitting, please fill in the following information. -->..<!--Required Information-->..**This is a...** .<!-- choose one by changing [ ] to [*] -->.- [ ] Feature Request.- [*] Bug Report..**Problem:**.I was following the instructions not on the page itself but on my home enviroment using the kvm2 drivers...WHen i get to the point i need to run this ..> curl link get the following error..> [drunkenpanda@Diablo ~]$ curl link Error: 'dial tcp 172.17.0.4:8080: getsockopt: connection refused'.> Trying to reach: 'link this all the commands ran without issues including this one ..> [drunkenpanda@Diablo ~]$ curl link {.>   \"major\": \"1\",.>   \"minor\": \"10\",.>   \"gitVersion\": \"v1.10.0\",.>   \"gitCommit\": \"fc32d2f3698e36b93322a3465f63a14e9f0eaead\",.>   \"gitTreeState\": \"clean\",.>   \"buildDate\": \"2018-03-26T16:44:10Z\",.>   \"goVersion\": \"go1.9.3\",.>   \"compiler\": \"gc\",.>   \"platform\": \"linux/amd64\".> }[.> ..**Proposed Solution:**...**Page to Update:**.link Information (remove the comment tags around information you would like to include)-->.<!--Kubernetes Version:-->.>   \"major\": \"1\",.>   \"minor\": \"10\",.>   \"gitVersion\": \"v1.10.0\",.>   \"gitCommit\": \"fc32d2f3698e36b93322a3465f63a14e9f0eaead\",.>   \"gitTreeState\": \"clean\",.>   \"buildDate\": \"2018-03-26T16:44:10Z\",.>   \"goVersion\": \"go1.9.3\",.>   \"compiler\": \"gc\",.>   \"platform\": \"linux/amd64\".<!--Additional Information:-->..host system is manjora i3 17.10.",
  "emotion":{
    "document":{
      "emotion":{
        "anger":0.076426,
        "disgust":0.024578,
        "fear":0.061899,
        "joy":0.216601,
        "sadness":0.143955
      }
    }
  },
  "info":{
    "issue":8801,
    "owner":"flutter",
    "repository":"website",
    "user":"NicTanghe"
  },
  "language":"en",
  "usage":{
    "features":1,
    "text_characters":1450,
    "text_units":1
  }
}