{
  "analyzed_text":"There's a couple screenshots of switchboard on the OEM page that need to be updated:..![Screenshot from 2021-08-04 16 30 53](link",
  "emotion":{
    "document":{
      "emotion":{
        "anger":0.059556,
        "disgust":0.051318,
        "fear":0.050558,
        "joy":0.181241,
        "sadness":0.398196
      }
    }
  },
  "info":{
    "issue":2783,
    "owner":"flutter",
    "repository":"website",
    "user":"danrabbit"
  },
  "language":"en",
  "usage":{
    "features":1,
    "text_characters":129,
    "text_units":1
  }
}