{
  "analyzed_text":"If your version is v30; then you are most up to date. HOWEVER, in the datafile it self, the shotguns are set to min2 max2...That means it’s not us, it’s a program bug...Sorry nothing we can do about your annoyance other then tell you to tick up the shotgun entry on the weapon team..![50358748-8c67-4eb3-8460-b56e31cf3d39](link",
  "emotion":{
    "document":{
      "emotion":{
        "anger":0.073885,
        "disgust":0.023649,
        "fear":0.100075,
        "joy":0.197247,
        "sadness":0.294557
      }
    }
  },
  "info":{
    "issue":2268,
    "owner":"BSData",
    "repository":"wh40k",
    "user":"alphalas"
  },
  "language":"en",
  "usage":{
    "features":1,
    "text_characters":327,
    "text_units":1
  }
}