{
  "analyzed_text":"You are alienating anyone with the proper model and benefiting those who want to cut down on points, primarily power-gamers.",
  "emotion":{
    "document":{
      "emotion":{
        "anger":0.057662,
        "disgust":0.049107,
        "fear":0.027244,
        "joy":0.18461,
        "sadness":0.134705
      }
    }
  },
  "info":{
    "issue":3903,
    "owner":"BSData",
    "repository":"wh40k",
    "user":"ghost"
  },
  "language":"en",
  "usage":{
    "features":1,
    "text_characters":124,
    "text_units":1
  }
}