{
  "analyzed_text":"![cd401ba4-a18e-402d-8330-c0722337d2e7](link @Mad-Spy said, no mention of dropping the hull HBs, so will stay as is.",
  "emotion":{
    "document":{
      "emotion":{
        "anger":0.08444,
        "disgust":0.031607,
        "fear":0.096033,
        "joy":0.266421,
        "sadness":0.109963
      }
    }
  },
  "info":{
    "issue":3903,
    "owner":"BSData",
    "repository":"wh40k",
    "user":"alphalas"
  },
  "language":"en",
  "usage":{
    "features":1,
    "text_characters":116,
    "text_units":1
  }
}