{
  "analyzed_text":"Drafted by  @rmarinho ..## Rationale..This proposal aims to make animation more useful for VisualStateManager with the introduction of animation and storyboards with XAML support...- Extend the  api to be used on XAML by introducing , we should be able to specify at least the animation between 2 double values, colors and positions, user can specify the TargetElement (by default the attached element), TargetProperty, From, To, Duration and Easing of the animation, this should then be translated to a Animation callback to be applied on the   ( by default that the  is attached to). Storyboard should also add a  event, and a way to start and stop the animation from code behind...- VSM should allow transitions between states..## Implementation....Add a ,markup extension so the developer doesn t have to worry about the type of animation and write less xaml...",
  "emotion":{
    "document":{
      "emotion":{
        "anger":0.121789,
        "disgust":0.011091,
        "fear":0.036231,
        "joy":0.243834,
        "sadness":0.10633
      }
    }
  },
  "info":{
    "issue":4233,
    "owner":"xamarin",
    "repository":"Xamarin.Forms",
    "user":"davidortinau"
  },
  "language":"en",
  "usage":{
    "features":1,
    "text_characters":865,
    "text_units":1
  }
}