{
  "analyzed_text":"@StephaneDelcroix  I disagree,  is not a valid color either, and it doesn't throw, I think you should _either_ be returning the same value as  _or_ using the  value...A hard shutdown is not helpful to anyone here; and having to write a converter to work around it is really not the best approach..",
  "emotion":{
    "document":{
      "emotion":{
        "anger":0.111368,
        "disgust":0.011304,
        "fear":0.049445,
        "joy":0.049267,
        "sadness":0.437031
      }
    }
  },
  "info":{
    "issue":10405,
    "owner":"xamarin",
    "repository":"Xamarin.Forms",
    "user":"ChaseFlorell"
  },
  "language":"en",
  "usage":{
    "features":1,
    "text_characters":297,
    "text_units":1
  }
}