{
  "analyzed_text":"### Description.ControlTemplates are a great way to build composite controls and do cool reusable things. Two things that I feel is sorely missing are as follows.. 1. I should be able to find the Page context of a ControlTemplate. In other words, I'd really like the ability to know which page my ControlTemplate instance is attached to.. 2. Akin to WPF, I'd really like to be able to locate an Element that is contained within a ControlTemplate..",
  "emotion":{
    "document":{
      "emotion":{
        "anger":0.034553,
        "disgust":0.02003,
        "fear":0.094967,
        "joy":0.391836,
        "sadness":0.327568
      }
    }
  },
  "info":{
    "issue":2553,
    "owner":"xamarin",
    "repository":"Xamarin.Forms",
    "user":"ChaseFlorell"
  },
  "language":"en",
  "usage":{
    "features":1,
    "text_characters":447,
    "text_units":1
  }
}