{
  "analyzed_text":"@hassanrahimi  .> hi,please everyone say , how can i use shall flayout in right , for right to left language...While RTL is supported, the flyout menu still appears on the left. This is a current limitation. ",
  "emotion":{
    "document":{
      "emotion":{
        "anger":0.130852,
        "disgust":0.011182,
        "fear":0.209736,
        "joy":0.079067,
        "sadness":0.299514
      }
    }
  },
  "info":{
    "issue":2415,
    "owner":"xamarin",
    "repository":"Xamarin.Forms",
    "user":"davidortinau"
  },
  "language":"en",
  "usage":{
    "features":1,
    "text_characters":208,
    "text_units":1
  }
}