{
  "analyzed_text":"At first I used your SSDT-USB.aml and the kext from Archive.zip, you've attached earlier, that broke the USB port. Then I used an original one.",
  "emotion":{
    "document":{
      "emotion":{
        "anger":0.055626,
        "disgust":0.018393,
        "fear":0.203649,
        "joy":0.204335,
        "sadness":0.378688
      }
    }
  },
  "info":{
    "issue":24,
    "owner":"daliansky",
    "repository":"XiaoMi-Pro-Hackintosh",
    "user":"Neolo"
  },
  "language":"en",
  "usage":{
    "features":1,
    "text_characters":143,
    "text_units":1
  }
}