{
  "analyzed_text":"@influenist I knew that, there was misunderstood about second revision, I thought there is 18pin in second revision but as you declared that's an adapter, now I understand. I try to find the way to fully use WLAN_LTE port, even without knowing about  presence of it in my laptop. If there wouldn't be one, I'll buy Key M > Key A and will play around splitter for internal BT, but now I hope I have WLAN_LTE (Key B) with USB and PCIe, and then I'll try to make an adapter Key B > Key A/E",
  "emotion":{
    "document":{
      "emotion":{
        "anger":0.034016,
        "disgust":0.015011,
        "fear":0.141492,
        "joy":0.157814,
        "sadness":0.576384
      }
    }
  },
  "info":{
    "issue":29,
    "owner":"daliansky",
    "repository":"XiaoMi-Pro-Hackintosh",
    "user":"ghost"
  },
  "language":"en",
  "usage":{
    "features":1,
    "text_characters":486,
    "text_units":1
  }
}