{
  "analyzed_text":"yeah, i haven't had time to implement it yet. my email is anthony -- at -- chovy . com\n",
  "emotion":{
    "document":{
      "emotion":{
        "anger":0.074176,
        "disgust":0.031589,
        "fear":0.133135,
        "joy":0.2007,
        "sadness":0.223664
      }
    }
  },
  "info":{
    "issue":5,
    "owner":"IonicaBizau",
    "repository":"youtube-api",
    "user":"ralyodio"
  },
  "language":"en",
  "usage":{
    "features":1,
    "text_characters":87,
    "text_units":1
  }
}