{
  "analyzed_text":"The problem is that there is no constructor for  that takes . Could you implement such a constructor?\n\nThe code in the second comment should work, but I'd rather not use that ugly hack.\n",
  "emotion":{
    "document":{
      "emotion":{
        "anger":0.174883,
        "disgust":0.048658,
        "fear":0.186752,
        "joy":0.093342,
        "sadness":0.231797
      }
    }
  },
  "info":{
    "issue":291,
    "owner":"zxing",
    "repository":"zxing",
    "user":"Nutomic"
  },
  "language":"en",
  "usage":{
    "features":1,
    "text_characters":186,
    "text_units":1
  }
}